[14-Nov-2025 03:25:17 UTC] PHP Notice:  Function _load_textdomain_just_in_time was called <strong>incorrectly</strong>. Translation loading for the <code>fl-builder</code> domain was triggered too early. This is usually an indicator for some code in the plugin or theme running too early. Translations should be loaded at the <code>init</code> action or later. Please see <a href="https://developer.wordpress.org/advanced-administration/debug/debug-wordpress/">Debugging in WordPress</a> for more information. (This message was added in version 6.7.0.) in C:\Users\Dell\Local Sites\quotation\app\public\wp-includes\functions.php on line 6121
[14-Nov-2025 03:25:17 UTC] PHP Deprecated:  Return type of DUP_PRO_DB_Build_Iterator::current() should either be compatible with Iterator::current(): mixed, or the #[\ReturnTypeWillChange] attribute should be used to temporarily suppress the notice in C:\Users\Dell\Local Sites\quotation\app\public\wp-content\plugins\duplicator-pro\classes\package\class.pack.database.build.iterator.php on line 378
[14-Nov-2025 03:25:17 UTC] PHP Deprecated:  Return type of DUP_PRO_DB_Build_Iterator::next() should either be compatible with Iterator::next(): void, or the #[\ReturnTypeWillChange] attribute should be used to temporarily suppress the notice in C:\Users\Dell\Local Sites\quotation\app\public\wp-content\plugins\duplicator-pro\classes\package\class.pack.database.build.iterator.php on line 290
[14-Nov-2025 03:25:17 UTC] PHP Deprecated:  Return type of DUP_PRO_DB_Build_Iterator::key() should either be compatible with Iterator::key(): mixed, or the #[\ReturnTypeWillChange] attribute should be used to temporarily suppress the notice in C:\Users\Dell\Local Sites\quotation\app\public\wp-content\plugins\duplicator-pro\classes\package\class.pack.database.build.iterator.php on line 441
[14-Nov-2025 03:25:17 UTC] PHP Deprecated:  Return type of DUP_PRO_DB_Build_Iterator::valid() should either be compatible with Iterator::valid(): bool, or the #[\ReturnTypeWillChange] attribute should be used to temporarily suppress the notice in C:\Users\Dell\Local Sites\quotation\app\public\wp-content\plugins\duplicator-pro\classes\package\class.pack.database.build.iterator.php on line 369
[14-Nov-2025 03:25:17 UTC] PHP Deprecated:  Return type of DUP_PRO_DB_Build_Iterator::rewind() should either be compatible with Iterator::rewind(): void, or the #[\ReturnTypeWillChange] attribute should be used to temporarily suppress the notice in C:\Users\Dell\Local Sites\quotation\app\public\wp-content\plugins\duplicator-pro\classes\package\class.pack.database.build.iterator.php on line 227
[14-Nov-2025 03:25:17 UTC] PHP Deprecated:  Creation of dynamic property UpdraftPlus_Addon_Reporting::$log_ident is deprecated in C:\Users\Dell\Local Sites\quotation\app\public\wp-content\plugins\updraftplus\addons\reporting.php on line 49
[14-Nov-2025 03:25:17 UTC] PHP Deprecated:  Creation of dynamic property UpdraftPlus_Addon_Reporting::$log_facility is deprecated in C:\Users\Dell\Local Sites\quotation\app\public\wp-content\plugins\updraftplus\addons\reporting.php on line 50
[14-Nov-2025 03:25:17 UTC] PHP Deprecated:  Creation of dynamic property UpdraftPlusAddons2::$plugin_file is deprecated in C:\Users\Dell\Local Sites\quotation\app\public\wp-content\plugins\updraftplus\udaddons\updraftplus-addons.php on line 70
[14-Nov-2025 03:25:17 UTC] PHP Notice:  Function _load_textdomain_just_in_time was called <strong>incorrectly</strong>. Translation loading for the <code>wp-migrate-db</code> domain was triggered too early. This is usually an indicator for some code in the plugin or theme running too early. Translations should be loaded at the <code>init</code> action or later. Please see <a href="https://developer.wordpress.org/advanced-administration/debug/debug-wordpress/">Debugging in WordPress</a> for more information. (This message was added in version 6.7.0.) in C:\Users\Dell\Local Sites\quotation\app\public\wp-includes\functions.php on line 6121
[14-Nov-2025 03:25:17 UTC] PHP Deprecated:  Creation of dynamic property DUP_PRO_Global_Entity::$notices is deprecated in C:\Users\Dell\Local Sites\quotation\app\public\wp-content\plugins\duplicator-pro\classes\entities\class.json.entity.base.php on line 264
[14-Nov-2025 03:25:17 UTC] PHP Notice:  Function _load_textdomain_just_in_time was called <strong>incorrectly</strong>. Translation loading for the <code>updraftplus</code> domain was triggered too early. This is usually an indicator for some code in the plugin or theme running too early. Translations should be loaded at the <code>init</code> action or later. Please see <a href="https://developer.wordpress.org/advanced-administration/debug/debug-wordpress/">Debugging in WordPress</a> for more information. (This message was added in version 6.7.0.) in C:\Users\Dell\Local Sites\quotation\app\public\wp-includes\functions.php on line 6121
[14-Nov-2025 03:25:17 UTC] PHP Deprecated:  Creation of dynamic property UpdraftPlus_Addon_CloudFilesEnhanced::$title is deprecated in C:\Users\Dell\Local Sites\quotation\app\public\wp-content\plugins\updraftplus\addons\cloudfiles-enhanced.php on line 37
[14-Nov-2025 03:25:17 UTC] PHP Deprecated:  Creation of dynamic property UpdraftPlus_Addon_CloudFilesEnhanced::$description is deprecated in C:\Users\Dell\Local Sites\quotation\app\public\wp-content\plugins\updraftplus\addons\cloudfiles-enhanced.php on line 38
[14-Nov-2025 03:25:17 UTC] PHP Notice:  Function _load_textdomain_just_in_time was called <strong>incorrectly</strong>. Translation loading for the <code>updraftplus</code> domain was triggered too early. This is usually an indicator for some code in the plugin or theme running too early. Translations should be loaded at the <code>init</code> action or later. Please see <a href="https://developer.wordpress.org/advanced-administration/debug/debug-wordpress/">Debugging in WordPress</a> for more information. (This message was added in version 6.7.0.) in C:\Users\Dell\Local Sites\quotation\app\public\wp-includes\functions.php on line 6121
[14-Nov-2025 03:25:17 UTC] PHP Notice:  Function _load_textdomain_just_in_time was called <strong>incorrectly</strong>. Translation loading for the <code>astra</code> domain was triggered too early. This is usually an indicator for some code in the plugin or theme running too early. Translations should be loaded at the <code>init</code> action or later. Please see <a href="https://developer.wordpress.org/advanced-administration/debug/debug-wordpress/">Debugging in WordPress</a> for more information. (This message was added in version 6.7.0.) in C:\Users\Dell\Local Sites\quotation\app\public\wp-includes\functions.php on line 6121
[14-Nov-2025 03:25:17 UTC] PHP Deprecated:  Creation of dynamic property Puc_v4p11_Plugin_Update::$x-spm-subscription-active is deprecated in C:\Users\Dell\Local Sites\quotation\app\public\wp-content\plugins\updraftplus\vendor\yahnis-elsts\plugin-update-checker\Puc\v4p11\Metadata.php on line 111
[14-Nov-2025 03:25:17 UTC] PHP Deprecated:  Creation of dynamic property UpdraftPlusAddons2::$options is deprecated in C:\Users\Dell\Local Sites\quotation\app\public\wp-content\plugins\updraftplus\udaddons\updraftplus-addons.php on line 362
[14-Nov-2025 03:25:17 UTC] PHP Deprecated:  strpos(): Passing null to parameter #1 ($haystack) of type string is deprecated in C:\Users\Dell\Local Sites\quotation\app\public\wp-includes\functions.php on line 7360
[14-Nov-2025 03:25:17 UTC] PHP Deprecated:  str_replace(): Passing null to parameter #3 ($subject) of type array|string is deprecated in C:\Users\Dell\Local Sites\quotation\app\public\wp-includes\functions.php on line 2195
[14-Nov-2025 03:25:17 UTC] PHP Deprecated:  Creation of dynamic property LOGINPRESS_PRO_SL_Plugin_Updater::$beta is deprecated in C:\Users\Dell\Local Sites\quotation\app\public\wp-content\plugins\loginpress-pro\lib\LOGINPRESS_PRO_SL_Plugin_Updater.php on line 42
[14-Nov-2025 03:25:17 UTC] PHP Deprecated:  Creation of dynamic property UpdraftPlus_Addon_LockAdmin::$opts is deprecated in C:\Users\Dell\Local Sites\quotation\app\public\wp-content\plugins\updraftplus\addons\lockadmin.php on line 73
[14-Nov-2025 03:25:17 UTC] PHP Deprecated:  Constant FILTER_SANITIZE_STRING is deprecated in C:\Users\Dell\Local Sites\quotation\app\public\wp-content\plugins\duplicator-pro\src\Core\Controllers\AbstractSinglePageController.php on line 177
[14-Nov-2025 03:25:17 UTC] PHP Deprecated:  filter_input(): Passing null to parameter #4 ($options) of type array|int is deprecated in C:\Users\Dell\Local Sites\quotation\app\public\wp-content\plugins\duplicator-pro\src\Libs\Snap\SnapUtil.php on line 360
[14-Nov-2025 03:25:17 UTC] PHP Deprecated:  Constant FILTER_SANITIZE_STRING is deprecated in C:\Users\Dell\Local Sites\quotation\app\public\wp-content\plugins\duplicator-pro\src\Core\Controllers\AbstractSinglePageController.php on line 177
[14-Nov-2025 03:25:17 UTC] PHP Deprecated:  filter_input(): Passing null to parameter #4 ($options) of type array|int is deprecated in C:\Users\Dell\Local Sites\quotation\app\public\wp-content\plugins\duplicator-pro\src\Libs\Snap\SnapUtil.php on line 360
[14-Nov-2025 03:25:17 UTC] PHP Deprecated:  Constant FILTER_SANITIZE_STRING is deprecated in C:\Users\Dell\Local Sites\quotation\app\public\wp-content\plugins\duplicator-pro\src\Core\Controllers\AbstractSinglePageController.php on line 177
[14-Nov-2025 03:25:17 UTC] PHP Deprecated:  filter_input(): Passing null to parameter #4 ($options) of type array|int is deprecated in C:\Users\Dell\Local Sites\quotation\app\public\wp-content\plugins\duplicator-pro\src\Libs\Snap\SnapUtil.php on line 360
[14-Nov-2025 03:25:17 UTC] PHP Deprecated:  Constant FILTER_SANITIZE_STRING is deprecated in C:\Users\Dell\Local Sites\quotation\app\public\wp-content\plugins\duplicator-pro\src\Core\Controllers\AbstractSinglePageController.php on line 177
[14-Nov-2025 03:25:17 UTC] PHP Deprecated:  filter_input(): Passing null to parameter #4 ($options) of type array|int is deprecated in C:\Users\Dell\Local Sites\quotation\app\public\wp-content\plugins\duplicator-pro\src\Libs\Snap\SnapUtil.php on line 360
[14-Nov-2025 03:25:17 UTC] PHP Deprecated:  Constant FILTER_SANITIZE_STRING is deprecated in C:\Users\Dell\Local Sites\quotation\app\public\wp-content\plugins\duplicator-pro\src\Core\Controllers\AbstractSinglePageController.php on line 177
[14-Nov-2025 03:25:17 UTC] PHP Deprecated:  filter_input(): Passing null to parameter #4 ($options) of type array|int is deprecated in C:\Users\Dell\Local Sites\quotation\app\public\wp-content\plugins\duplicator-pro\src\Libs\Snap\SnapUtil.php on line 360
[14-Nov-2025 03:25:17 UTC] PHP Deprecated:  Constant FILTER_SANITIZE_STRING is deprecated in C:\Users\Dell\Local Sites\quotation\app\public\wp-content\plugins\duplicator-pro\src\Core\Controllers\AbstractSinglePageController.php on line 177
[14-Nov-2025 03:25:17 UTC] PHP Deprecated:  filter_input(): Passing null to parameter #4 ($options) of type array|int is deprecated in C:\Users\Dell\Local Sites\quotation\app\public\wp-content\plugins\duplicator-pro\src\Libs\Snap\SnapUtil.php on line 360
[14-Nov-2025 03:25:17 UTC] PHP Deprecated:  Constant FILTER_SANITIZE_STRING is deprecated in C:\Users\Dell\Local Sites\quotation\app\public\wp-content\plugins\duplicator-pro\src\Core\Controllers\AbstractSinglePageController.php on line 177
[14-Nov-2025 03:25:17 UTC] PHP Deprecated:  filter_input(): Passing null to parameter #4 ($options) of type array|int is deprecated in C:\Users\Dell\Local Sites\quotation\app\public\wp-content\plugins\duplicator-pro\src\Libs\Snap\SnapUtil.php on line 360
[14-Nov-2025 03:25:17 UTC] PHP Deprecated:  Constant FILTER_SANITIZE_STRING is deprecated in C:\Users\Dell\Local Sites\quotation\app\public\wp-content\plugins\duplicator-pro\src\Core\Controllers\AbstractSinglePageController.php on line 177
[14-Nov-2025 03:25:17 UTC] PHP Deprecated:  filter_input(): Passing null to parameter #4 ($options) of type array|int is deprecated in C:\Users\Dell\Local Sites\quotation\app\public\wp-content\plugins\duplicator-pro\src\Libs\Snap\SnapUtil.php on line 360
[14-Nov-2025 03:25:17 UTC] PHP Deprecated:  Constant FILTER_SANITIZE_STRING is deprecated in C:\Users\Dell\Local Sites\quotation\app\public\wp-content\plugins\duplicator-pro\src\Core\Controllers\ControllersManager.php on line 114
[14-Nov-2025 03:25:17 UTC] PHP Deprecated:  Constant FILTER_SANITIZE_STRING is deprecated in C:\Users\Dell\Local Sites\quotation\app\public\wp-content\plugins\duplicator-pro\src\Core\Controllers\ControllersManager.php on line 120
[14-Nov-2025 03:25:17 UTC] PHP Deprecated:  Constant FILTER_SANITIZE_STRING is deprecated in C:\Users\Dell\Local Sites\quotation\app\public\wp-content\plugins\duplicator-pro\src\Core\Controllers\ControllersManager.php on line 126
[14-Nov-2025 03:25:17 UTC] PHP Deprecated:  Constant FILTER_SANITIZE_STRING is deprecated in C:\Users\Dell\Local Sites\quotation\app\public\wp-content\plugins\duplicator-pro\src\Core\Controllers\ControllersManager.php on line 114
[14-Nov-2025 03:25:17 UTC] PHP Deprecated:  Constant FILTER_SANITIZE_STRING is deprecated in C:\Users\Dell\Local Sites\quotation\app\public\wp-content\plugins\duplicator-pro\src\Core\Controllers\ControllersManager.php on line 120
[14-Nov-2025 03:25:17 UTC] PHP Deprecated:  Constant FILTER_SANITIZE_STRING is deprecated in C:\Users\Dell\Local Sites\quotation\app\public\wp-content\plugins\duplicator-pro\src\Core\Controllers\ControllersManager.php on line 126
[14-Nov-2025 03:25:17 UTC] PHP Parse error:  syntax error, unexpected token "<<" in C:\Users\Dell\Local Sites\quotation\app\public\wp-content\plugins\Quotation-Local-Tan-V.2\quote-generator.php on line 123
[14-Nov-2025 03:25:17 UTC] PHP Notice:  Function _load_textdomain_just_in_time was called <strong>incorrectly</strong>. Translation loading for the <code>fl-builder</code> domain was triggered too early. This is usually an indicator for some code in the plugin or theme running too early. Translations should be loaded at the <code>init</code> action or later. Please see <a href="https://developer.wordpress.org/advanced-administration/debug/debug-wordpress/">Debugging in WordPress</a> for more information. (This message was added in version 6.7.0.) in C:\Users\Dell\Local Sites\quotation\app\public\wp-includes\functions.php on line 6121
[14-Nov-2025 03:25:17 UTC] PHP Deprecated:  Return type of DUP_PRO_DB_Build_Iterator::current() should either be compatible with Iterator::current(): mixed, or the #[\ReturnTypeWillChange] attribute should be used to temporarily suppress the notice in C:\Users\Dell\Local Sites\quotation\app\public\wp-content\plugins\duplicator-pro\classes\package\class.pack.database.build.iterator.php on line 378
[14-Nov-2025 03:25:17 UTC] PHP Deprecated:  Return type of DUP_PRO_DB_Build_Iterator::next() should either be compatible with Iterator::next(): void, or the #[\ReturnTypeWillChange] attribute should be used to temporarily suppress the notice in C:\Users\Dell\Local Sites\quotation\app\public\wp-content\plugins\duplicator-pro\classes\package\class.pack.database.build.iterator.php on line 290
[14-Nov-2025 03:25:17 UTC] PHP Deprecated:  Return type of DUP_PRO_DB_Build_Iterator::key() should either be compatible with Iterator::key(): mixed, or the #[\ReturnTypeWillChange] attribute should be used to temporarily suppress the notice in C:\Users\Dell\Local Sites\quotation\app\public\wp-content\plugins\duplicator-pro\classes\package\class.pack.database.build.iterator.php on line 441
[14-Nov-2025 03:25:17 UTC] PHP Deprecated:  Return type of DUP_PRO_DB_Build_Iterator::valid() should either be compatible with Iterator::valid(): bool, or the #[\ReturnTypeWillChange] attribute should be used to temporarily suppress the notice in C:\Users\Dell\Local Sites\quotation\app\public\wp-content\plugins\duplicator-pro\classes\package\class.pack.database.build.iterator.php on line 369
[14-Nov-2025 03:25:17 UTC] PHP Deprecated:  Return type of DUP_PRO_DB_Build_Iterator::rewind() should either be compatible with Iterator::rewind(): void, or the #[\ReturnTypeWillChange] attribute should be used to temporarily suppress the notice in C:\Users\Dell\Local Sites\quotation\app\public\wp-content\plugins\duplicator-pro\classes\package\class.pack.database.build.iterator.php on line 227
[14-Nov-2025 03:25:17 UTC] PHP Deprecated:  Creation of dynamic property UpdraftPlus_Addon_Reporting::$log_ident is deprecated in C:\Users\Dell\Local Sites\quotation\app\public\wp-content\plugins\updraftplus\addons\reporting.php on line 49
[14-Nov-2025 03:25:17 UTC] PHP Deprecated:  Creation of dynamic property UpdraftPlus_Addon_Reporting::$log_facility is deprecated in C:\Users\Dell\Local Sites\quotation\app\public\wp-content\plugins\updraftplus\addons\reporting.php on line 50
[14-Nov-2025 03:25:17 UTC] PHP Deprecated:  Creation of dynamic property UpdraftPlusAddons2::$plugin_file is deprecated in C:\Users\Dell\Local Sites\quotation\app\public\wp-content\plugins\updraftplus\udaddons\updraftplus-addons.php on line 70
[14-Nov-2025 03:25:17 UTC] PHP Notice:  Function _load_textdomain_just_in_time was called <strong>incorrectly</strong>. Translation loading for the <code>wp-migrate-db</code> domain was triggered too early. This is usually an indicator for some code in the plugin or theme running too early. Translations should be loaded at the <code>init</code> action or later. Please see <a href="https://developer.wordpress.org/advanced-administration/debug/debug-wordpress/">Debugging in WordPress</a> for more information. (This message was added in version 6.7.0.) in C:\Users\Dell\Local Sites\quotation\app\public\wp-includes\functions.php on line 6121
[14-Nov-2025 03:25:17 UTC] PHP Deprecated:  Creation of dynamic property DUP_PRO_Global_Entity::$notices is deprecated in C:\Users\Dell\Local Sites\quotation\app\public\wp-content\plugins\duplicator-pro\classes\entities\class.json.entity.base.php on line 264
[14-Nov-2025 03:25:17 UTC] PHP Notice:  Function _load_textdomain_just_in_time was called <strong>incorrectly</strong>. Translation loading for the <code>updraftplus</code> domain was triggered too early. This is usually an indicator for some code in the plugin or theme running too early. Translations should be loaded at the <code>init</code> action or later. Please see <a href="https://developer.wordpress.org/advanced-administration/debug/debug-wordpress/">Debugging in WordPress</a> for more information. (This message was added in version 6.7.0.) in C:\Users\Dell\Local Sites\quotation\app\public\wp-includes\functions.php on line 6121
[14-Nov-2025 03:25:17 UTC] PHP Deprecated:  Creation of dynamic property UpdraftPlus_Addon_CloudFilesEnhanced::$title is deprecated in C:\Users\Dell\Local Sites\quotation\app\public\wp-content\plugins\updraftplus\addons\cloudfiles-enhanced.php on line 37
[14-Nov-2025 03:25:17 UTC] PHP Deprecated:  Creation of dynamic property UpdraftPlus_Addon_CloudFilesEnhanced::$description is deprecated in C:\Users\Dell\Local Sites\quotation\app\public\wp-content\plugins\updraftplus\addons\cloudfiles-enhanced.php on line 38
[14-Nov-2025 03:25:17 UTC] PHP Notice:  Function _load_textdomain_just_in_time was called <strong>incorrectly</strong>. Translation loading for the <code>updraftplus</code> domain was triggered too early. This is usually an indicator for some code in the plugin or theme running too early. Translations should be loaded at the <code>init</code> action or later. Please see <a href="https://developer.wordpress.org/advanced-administration/debug/debug-wordpress/">Debugging in WordPress</a> for more information. (This message was added in version 6.7.0.) in C:\Users\Dell\Local Sites\quotation\app\public\wp-includes\functions.php on line 6121
[14-Nov-2025 03:25:17 UTC] PHP Notice:  Function _load_textdomain_just_in_time was called <strong>incorrectly</strong>. Translation loading for the <code>astra</code> domain was triggered too early. This is usually an indicator for some code in the plugin or theme running too early. Translations should be loaded at the <code>init</code> action or later. Please see <a href="https://developer.wordpress.org/advanced-administration/debug/debug-wordpress/">Debugging in WordPress</a> for more information. (This message was added in version 6.7.0.) in C:\Users\Dell\Local Sites\quotation\app\public\wp-includes\functions.php on line 6121
[14-Nov-2025 03:25:17 UTC] PHP Deprecated:  Creation of dynamic property Puc_v4p11_Plugin_Update::$x-spm-subscription-active is deprecated in C:\Users\Dell\Local Sites\quotation\app\public\wp-content\plugins\updraftplus\vendor\yahnis-elsts\plugin-update-checker\Puc\v4p11\Metadata.php on line 111
[14-Nov-2025 03:25:17 UTC] PHP Deprecated:  Creation of dynamic property UpdraftPlusAddons2::$options is deprecated in C:\Users\Dell\Local Sites\quotation\app\public\wp-content\plugins\updraftplus\udaddons\updraftplus-addons.php on line 362
[14-Nov-2025 03:25:17 UTC] PHP Deprecated:  strpos(): Passing null to parameter #1 ($haystack) of type string is deprecated in C:\Users\Dell\Local Sites\quotation\app\public\wp-includes\functions.php on line 7360
[14-Nov-2025 03:25:17 UTC] PHP Deprecated:  str_replace(): Passing null to parameter #3 ($subject) of type array|string is deprecated in C:\Users\Dell\Local Sites\quotation\app\public\wp-includes\functions.php on line 2195
[14-Nov-2025 03:25:17 UTC] PHP Deprecated:  Creation of dynamic property LOGINPRESS_PRO_SL_Plugin_Updater::$beta is deprecated in C:\Users\Dell\Local Sites\quotation\app\public\wp-content\plugins\loginpress-pro\lib\LOGINPRESS_PRO_SL_Plugin_Updater.php on line 42
[14-Nov-2025 03:25:17 UTC] PHP Deprecated:  Creation of dynamic property UpdraftPlus_Addon_LockAdmin::$opts is deprecated in C:\Users\Dell\Local Sites\quotation\app\public\wp-content\plugins\updraftplus\addons\lockadmin.php on line 73
[14-Nov-2025 03:25:17 UTC] PHP Deprecated:  Constant FILTER_SANITIZE_STRING is deprecated in C:\Users\Dell\Local Sites\quotation\app\public\wp-content\plugins\duplicator-pro\src\Core\Controllers\AbstractSinglePageController.php on line 177
[14-Nov-2025 03:25:17 UTC] PHP Deprecated:  filter_input(): Passing null to parameter #4 ($options) of type array|int is deprecated in C:\Users\Dell\Local Sites\quotation\app\public\wp-content\plugins\duplicator-pro\src\Libs\Snap\SnapUtil.php on line 360
[14-Nov-2025 03:25:17 UTC] PHP Deprecated:  Constant FILTER_SANITIZE_STRING is deprecated in C:\Users\Dell\Local Sites\quotation\app\public\wp-content\plugins\duplicator-pro\src\Core\Controllers\AbstractSinglePageController.php on line 177
[14-Nov-2025 03:25:17 UTC] PHP Deprecated:  filter_input(): Passing null to parameter #4 ($options) of type array|int is deprecated in C:\Users\Dell\Local Sites\quotation\app\public\wp-content\plugins\duplicator-pro\src\Libs\Snap\SnapUtil.php on line 360
[14-Nov-2025 03:25:17 UTC] PHP Deprecated:  Constant FILTER_SANITIZE_STRING is deprecated in C:\Users\Dell\Local Sites\quotation\app\public\wp-content\plugins\duplicator-pro\src\Core\Controllers\AbstractSinglePageController.php on line 177
[14-Nov-2025 03:25:17 UTC] PHP Deprecated:  filter_input(): Passing null to parameter #4 ($options) of type array|int is deprecated in C:\Users\Dell\Local Sites\quotation\app\public\wp-content\plugins\duplicator-pro\src\Libs\Snap\SnapUtil.php on line 360
[14-Nov-2025 03:25:17 UTC] PHP Deprecated:  Constant FILTER_SANITIZE_STRING is deprecated in C:\Users\Dell\Local Sites\quotation\app\public\wp-content\plugins\duplicator-pro\src\Core\Controllers\AbstractSinglePageController.php on line 177
[14-Nov-2025 03:25:17 UTC] PHP Deprecated:  filter_input(): Passing null to parameter #4 ($options) of type array|int is deprecated in C:\Users\Dell\Local Sites\quotation\app\public\wp-content\plugins\duplicator-pro\src\Libs\Snap\SnapUtil.php on line 360
[14-Nov-2025 03:25:17 UTC] PHP Deprecated:  Constant FILTER_SANITIZE_STRING is deprecated in C:\Users\Dell\Local Sites\quotation\app\public\wp-content\plugins\duplicator-pro\src\Core\Controllers\AbstractSinglePageController.php on line 177
[14-Nov-2025 03:25:17 UTC] PHP Deprecated:  filter_input(): Passing null to parameter #4 ($options) of type array|int is deprecated in C:\Users\Dell\Local Sites\quotation\app\public\wp-content\plugins\duplicator-pro\src\Libs\Snap\SnapUtil.php on line 360
[14-Nov-2025 03:25:17 UTC] PHP Deprecated:  Constant FILTER_SANITIZE_STRING is deprecated in C:\Users\Dell\Local Sites\quotation\app\public\wp-content\plugins\duplicator-pro\src\Core\Controllers\AbstractSinglePageController.php on line 177
[14-Nov-2025 03:25:17 UTC] PHP Deprecated:  filter_input(): Passing null to parameter #4 ($options) of type array|int is deprecated in C:\Users\Dell\Local Sites\quotation\app\public\wp-content\plugins\duplicator-pro\src\Libs\Snap\SnapUtil.php on line 360
[14-Nov-2025 03:25:17 UTC] PHP Deprecated:  Constant FILTER_SANITIZE_STRING is deprecated in C:\Users\Dell\Local Sites\quotation\app\public\wp-content\plugins\duplicator-pro\src\Core\Controllers\AbstractSinglePageController.php on line 177
[14-Nov-2025 03:25:17 UTC] PHP Deprecated:  filter_input(): Passing null to parameter #4 ($options) of type array|int is deprecated in C:\Users\Dell\Local Sites\quotation\app\public\wp-content\plugins\duplicator-pro\src\Libs\Snap\SnapUtil.php on line 360
[14-Nov-2025 03:25:17 UTC] PHP Deprecated:  Constant FILTER_SANITIZE_STRING is deprecated in C:\Users\Dell\Local Sites\quotation\app\public\wp-content\plugins\duplicator-pro\src\Core\Controllers\AbstractSinglePageController.php on line 177
[14-Nov-2025 03:25:17 UTC] PHP Deprecated:  filter_input(): Passing null to parameter #4 ($options) of type array|int is deprecated in C:\Users\Dell\Local Sites\quotation\app\public\wp-content\plugins\duplicator-pro\src\Libs\Snap\SnapUtil.php on line 360
[14-Nov-2025 03:25:17 UTC] PHP Deprecated:  Constant FILTER_SANITIZE_STRING is deprecated in C:\Users\Dell\Local Sites\quotation\app\public\wp-content\plugins\duplicator-pro\src\Core\Controllers\ControllersManager.php on line 114
[14-Nov-2025 03:25:17 UTC] PHP Deprecated:  Constant FILTER_SANITIZE_STRING is deprecated in C:\Users\Dell\Local Sites\quotation\app\public\wp-content\plugins\duplicator-pro\src\Core\Controllers\ControllersManager.php on line 120
[14-Nov-2025 03:25:17 UTC] PHP Deprecated:  Constant FILTER_SANITIZE_STRING is deprecated in C:\Users\Dell\Local Sites\quotation\app\public\wp-content\plugins\duplicator-pro\src\Core\Controllers\ControllersManager.php on line 126
[14-Nov-2025 03:25:17 UTC] PHP Deprecated:  Constant FILTER_SANITIZE_STRING is deprecated in C:\Users\Dell\Local Sites\quotation\app\public\wp-content\plugins\duplicator-pro\src\Core\Controllers\ControllersManager.php on line 114
[14-Nov-2025 03:25:17 UTC] PHP Deprecated:  Constant FILTER_SANITIZE_STRING is deprecated in C:\Users\Dell\Local Sites\quotation\app\public\wp-content\plugins\duplicator-pro\src\Core\Controllers\ControllersManager.php on line 120
[14-Nov-2025 03:25:17 UTC] PHP Deprecated:  Constant FILTER_SANITIZE_STRING is deprecated in C:\Users\Dell\Local Sites\quotation\app\public\wp-content\plugins\duplicator-pro\src\Core\Controllers\ControllersManager.php on line 126
[14-Nov-2025 03:25:17 UTC] PHP Deprecated:  Constant FILTER_SANITIZE_STRING is deprecated in C:\Users\Dell\Local Sites\quotation\app\public\wp-content\plugins\duplicator-pro\src\Core\Controllers\ControllersManager.php on line 114
[14-Nov-2025 03:25:17 UTC] PHP Deprecated:  Constant FILTER_SANITIZE_STRING is deprecated in C:\Users\Dell\Local Sites\quotation\app\public\wp-content\plugins\duplicator-pro\src\Core\Controllers\ControllersManager.php on line 120
[14-Nov-2025 03:25:17 UTC] PHP Deprecated:  Constant FILTER_SANITIZE_STRING is deprecated in C:\Users\Dell\Local Sites\quotation\app\public\wp-content\plugins\duplicator-pro\src\Core\Controllers\ControllersManager.php on line 126
[14-Nov-2025 03:25:17 UTC] PHP Deprecated:  Constant FILTER_SANITIZE_STRING is deprecated in C:\Users\Dell\Local Sites\quotation\app\public\wp-content\plugins\duplicator-pro\src\Core\Controllers\ControllersManager.php on line 114
[14-Nov-2025 03:25:17 UTC] PHP Deprecated:  Constant FILTER_SANITIZE_STRING is deprecated in C:\Users\Dell\Local Sites\quotation\app\public\wp-content\plugins\duplicator-pro\src\Core\Controllers\ControllersManager.php on line 120
[14-Nov-2025 03:25:17 UTC] PHP Deprecated:  Constant FILTER_SANITIZE_STRING is deprecated in C:\Users\Dell\Local Sites\quotation\app\public\wp-content\plugins\duplicator-pro\src\Core\Controllers\ControllersManager.php on line 126
[14-Nov-2025 03:25:17 UTC] PHP Deprecated:  Constant FILTER_SANITIZE_STRING is deprecated in C:\Users\Dell\Local Sites\quotation\app\public\wp-content\plugins\duplicator-pro\src\Core\Controllers\ControllersManager.php on line 114
[14-Nov-2025 03:25:17 UTC] PHP Deprecated:  Constant FILTER_SANITIZE_STRING is deprecated in C:\Users\Dell\Local Sites\quotation\app\public\wp-content\plugins\duplicator-pro\src\Core\Controllers\ControllersManager.php on line 120
[14-Nov-2025 03:25:17 UTC] PHP Deprecated:  Constant FILTER_SANITIZE_STRING is deprecated in C:\Users\Dell\Local Sites\quotation\app\public\wp-content\plugins\duplicator-pro\src\Core\Controllers\ControllersManager.php on line 126
[14-Nov-2025 03:25:17 UTC] PHP Deprecated:  Constant FILTER_SANITIZE_STRING is deprecated in C:\Users\Dell\Local Sites\quotation\app\public\wp-content\plugins\duplicator-pro\src\Core\Controllers\ControllersManager.php on line 114
[14-Nov-2025 03:25:17 UTC] PHP Deprecated:  Constant FILTER_SANITIZE_STRING is deprecated in C:\Users\Dell\Local Sites\quotation\app\public\wp-content\plugins\duplicator-pro\src\Core\Controllers\ControllersManager.php on line 120
[14-Nov-2025 03:25:17 UTC] PHP Deprecated:  Constant FILTER_SANITIZE_STRING is deprecated in C:\Users\Dell\Local Sites\quotation\app\public\wp-content\plugins\duplicator-pro\src\Core\Controllers\ControllersManager.php on line 126
[14-Nov-2025 03:25:17 UTC] PHP Deprecated:  Constant FILTER_SANITIZE_STRING is deprecated in C:\Users\Dell\Local Sites\quotation\app\public\wp-content\plugins\duplicator-pro\src\Core\Controllers\ControllersManager.php on line 114
[14-Nov-2025 03:25:17 UTC] PHP Deprecated:  Constant FILTER_SANITIZE_STRING is deprecated in C:\Users\Dell\Local Sites\quotation\app\public\wp-content\plugins\duplicator-pro\src\Core\Controllers\ControllersManager.php on line 120
[14-Nov-2025 03:25:17 UTC] PHP Deprecated:  Constant FILTER_SANITIZE_STRING is deprecated in C:\Users\Dell\Local Sites\quotation\app\public\wp-content\plugins\duplicator-pro\src\Core\Controllers\ControllersManager.php on line 126
[14-Nov-2025 03:25:17 UTC] PHP Deprecated:  Constant FILTER_SANITIZE_STRING is deprecated in C:\Users\Dell\Local Sites\quotation\app\public\wp-content\plugins\duplicator-pro\src\Core\Controllers\ControllersManager.php on line 114
[14-Nov-2025 03:25:17 UTC] PHP Deprecated:  Constant FILTER_SANITIZE_STRING is deprecated in C:\Users\Dell\Local Sites\quotation\app\public\wp-content\plugins\duplicator-pro\src\Core\Controllers\ControllersManager.php on line 120
[14-Nov-2025 03:25:17 UTC] PHP Deprecated:  Constant FILTER_SANITIZE_STRING is deprecated in C:\Users\Dell\Local Sites\quotation\app\public\wp-content\plugins\duplicator-pro\src\Core\Controllers\ControllersManager.php on line 126
[14-Nov-2025 03:25:17 UTC] PHP Deprecated:  Constant FILTER_SANITIZE_STRING is deprecated in C:\Users\Dell\Local Sites\quotation\app\public\wp-content\plugins\duplicator-pro\src\Core\Controllers\ControllersManager.php on line 114
[14-Nov-2025 03:25:17 UTC] PHP Deprecated:  Constant FILTER_SANITIZE_STRING is deprecated in C:\Users\Dell\Local Sites\quotation\app\public\wp-content\plugins\duplicator-pro\src\Core\Controllers\ControllersManager.php on line 120
[14-Nov-2025 03:25:17 UTC] PHP Deprecated:  Constant FILTER_SANITIZE_STRING is deprecated in C:\Users\Dell\Local Sites\quotation\app\public\wp-content\plugins\duplicator-pro\src\Core\Controllers\ControllersManager.php on line 126
[14-Nov-2025 03:25:17 UTC] PHP Deprecated:  Constant FILTER_SANITIZE_STRING is deprecated in C:\Users\Dell\Local Sites\quotation\app\public\wp-content\plugins\duplicator-pro\src\Core\Controllers\ControllersManager.php on line 114
[14-Nov-2025 03:25:17 UTC] PHP Deprecated:  Constant FILTER_SANITIZE_STRING is deprecated in C:\Users\Dell\Local Sites\quotation\app\public\wp-content\plugins\duplicator-pro\src\Core\Controllers\ControllersManager.php on line 120
[14-Nov-2025 03:25:17 UTC] PHP Deprecated:  Constant FILTER_SANITIZE_STRING is deprecated in C:\Users\Dell\Local Sites\quotation\app\public\wp-content\plugins\duplicator-pro\src\Core\Controllers\ControllersManager.php on line 126
[14-Nov-2025 03:25:17 UTC] PHP Deprecated:  Constant FILTER_SANITIZE_STRING is deprecated in C:\Users\Dell\Local Sites\quotation\app\public\wp-content\plugins\duplicator-pro\src\Core\Controllers\ControllersManager.php on line 114
[14-Nov-2025 03:25:17 UTC] PHP Deprecated:  Constant FILTER_SANITIZE_STRING is deprecated in C:\Users\Dell\Local Sites\quotation\app\public\wp-content\plugins\duplicator-pro\src\Core\Controllers\ControllersManager.php on line 120
[14-Nov-2025 03:25:17 UTC] PHP Deprecated:  Constant FILTER_SANITIZE_STRING is deprecated in C:\Users\Dell\Local Sites\quotation\app\public\wp-content\plugins\duplicator-pro\src\Core\Controllers\ControllersManager.php on line 126
[14-Nov-2025 03:25:17 UTC] PHP Deprecated:  Constant FILTER_SANITIZE_STRING is deprecated in C:\Users\Dell\Local Sites\quotation\app\public\wp-content\plugins\duplicator-pro\src\Core\Controllers\ControllersManager.php on line 114
[14-Nov-2025 03:25:17 UTC] PHP Deprecated:  Constant FILTER_SANITIZE_STRING is deprecated in C:\Users\Dell\Local Sites\quotation\app\public\wp-content\plugins\duplicator-pro\src\Core\Controllers\ControllersManager.php on line 120
[14-Nov-2025 03:25:17 UTC] PHP Deprecated:  Constant FILTER_SANITIZE_STRING is deprecated in C:\Users\Dell\Local Sites\quotation\app\public\wp-content\plugins\duplicator-pro\src\Core\Controllers\ControllersManager.php on line 126
[14-Nov-2025 03:25:18 UTC] PHP Deprecated:  Constant FILTER_SANITIZE_STRING is deprecated in C:\Users\Dell\Local Sites\quotation\app\public\wp-content\plugins\duplicator-pro\src\Core\Controllers\ControllersManager.php on line 114
[14-Nov-2025 03:25:18 UTC] PHP Deprecated:  Constant FILTER_SANITIZE_STRING is deprecated in C:\Users\Dell\Local Sites\quotation\app\public\wp-content\plugins\duplicator-pro\src\Core\Controllers\ControllersManager.php on line 120
[14-Nov-2025 03:25:18 UTC] PHP Deprecated:  Constant FILTER_SANITIZE_STRING is deprecated in C:\Users\Dell\Local Sites\quotation\app\public\wp-content\plugins\duplicator-pro\src\Core\Controllers\ControllersManager.php on line 126
[14-Nov-2025 03:25:18 UTC] PHP Deprecated:  Constant FILTER_SANITIZE_STRING is deprecated in C:\Users\Dell\Local Sites\quotation\app\public\wp-content\plugins\duplicator-pro\src\Core\Controllers\ControllersManager.php on line 114
[14-Nov-2025 03:25:18 UTC] PHP Deprecated:  Constant FILTER_SANITIZE_STRING is deprecated in C:\Users\Dell\Local Sites\quotation\app\public\wp-content\plugins\duplicator-pro\src\Core\Controllers\ControllersManager.php on line 120
[14-Nov-2025 03:25:18 UTC] PHP Deprecated:  Constant FILTER_SANITIZE_STRING is deprecated in C:\Users\Dell\Local Sites\quotation\app\public\wp-content\plugins\duplicator-pro\src\Core\Controllers\ControllersManager.php on line 126
[14-Nov-2025 03:25:18 UTC] PHP Deprecated:  Constant FILTER_SANITIZE_STRING is deprecated in C:\Users\Dell\Local Sites\quotation\app\public\wp-content\plugins\duplicator-pro\src\Core\Controllers\ControllersManager.php on line 114
[14-Nov-2025 03:25:18 UTC] PHP Deprecated:  Constant FILTER_SANITIZE_STRING is deprecated in C:\Users\Dell\Local Sites\quotation\app\public\wp-content\plugins\duplicator-pro\src\Core\Controllers\ControllersManager.php on line 120
[14-Nov-2025 03:25:18 UTC] PHP Deprecated:  Constant FILTER_SANITIZE_STRING is deprecated in C:\Users\Dell\Local Sites\quotation\app\public\wp-content\plugins\duplicator-pro\src\Core\Controllers\ControllersManager.php on line 126
[14-Nov-2025 03:25:18 UTC] PHP Deprecated:  Constant FILTER_SANITIZE_STRING is deprecated in C:\Users\Dell\Local Sites\quotation\app\public\wp-content\plugins\duplicator-pro\src\Core\Controllers\ControllersManager.php on line 114
[14-Nov-2025 03:25:18 UTC] PHP Deprecated:  Constant FILTER_SANITIZE_STRING is deprecated in C:\Users\Dell\Local Sites\quotation\app\public\wp-content\plugins\duplicator-pro\src\Core\Controllers\ControllersManager.php on line 120
[14-Nov-2025 03:25:18 UTC] PHP Deprecated:  Constant FILTER_SANITIZE_STRING is deprecated in C:\Users\Dell\Local Sites\quotation\app\public\wp-content\plugins\duplicator-pro\src\Core\Controllers\ControllersManager.php on line 126
[14-Nov-2025 03:25:18 UTC] PHP Deprecated:  Constant FILTER_SANITIZE_STRING is deprecated in C:\Users\Dell\Local Sites\quotation\app\public\wp-content\plugins\duplicator-pro\src\Core\Controllers\ControllersManager.php on line 114
[14-Nov-2025 03:25:18 UTC] PHP Deprecated:  Constant FILTER_SANITIZE_STRING is deprecated in C:\Users\Dell\Local Sites\quotation\app\public\wp-content\plugins\duplicator-pro\src\Core\Controllers\ControllersManager.php on line 120
[14-Nov-2025 03:25:18 UTC] PHP Deprecated:  Constant FILTER_SANITIZE_STRING is deprecated in C:\Users\Dell\Local Sites\quotation\app\public\wp-content\plugins\duplicator-pro\src\Core\Controllers\ControllersManager.php on line 126
[14-Nov-2025 03:25:18 UTC] PHP Deprecated:  Constant FILTER_SANITIZE_STRING is deprecated in C:\Users\Dell\Local Sites\quotation\app\public\wp-content\plugins\duplicator-pro\src\Core\Controllers\ControllersManager.php on line 114
[14-Nov-2025 03:25:18 UTC] PHP Deprecated:  Constant FILTER_SANITIZE_STRING is deprecated in C:\Users\Dell\Local Sites\quotation\app\public\wp-content\plugins\duplicator-pro\src\Core\Controllers\ControllersManager.php on line 120
[14-Nov-2025 03:25:18 UTC] PHP Deprecated:  Constant FILTER_SANITIZE_STRING is deprecated in C:\Users\Dell\Local Sites\quotation\app\public\wp-content\plugins\duplicator-pro\src\Core\Controllers\ControllersManager.php on line 126
[14-Nov-2025 03:25:18 UTC] PHP Deprecated:  Constant FILTER_SANITIZE_STRING is deprecated in C:\Users\Dell\Local Sites\quotation\app\public\wp-content\plugins\duplicator-pro\src\Core\Controllers\ControllersManager.php on line 114
[14-Nov-2025 03:25:18 UTC] PHP Deprecated:  Constant FILTER_SANITIZE_STRING is deprecated in C:\Users\Dell\Local Sites\quotation\app\public\wp-content\plugins\duplicator-pro\src\Core\Controllers\ControllersManager.php on line 120
[14-Nov-2025 03:25:18 UTC] PHP Deprecated:  Constant FILTER_SANITIZE_STRING is deprecated in C:\Users\Dell\Local Sites\quotation\app\public\wp-content\plugins\duplicator-pro\src\Core\Controllers\ControllersManager.php on line 126
[14-Nov-2025 03:25:18 UTC] PHP Deprecated:  Constant FILTER_SANITIZE_STRING is deprecated in C:\Users\Dell\Local Sites\quotation\app\public\wp-content\plugins\duplicator-pro\src\Core\Controllers\ControllersManager.php on line 114
[14-Nov-2025 03:25:18 UTC] PHP Deprecated:  Constant FILTER_SANITIZE_STRING is deprecated in C:\Users\Dell\Local Sites\quotation\app\public\wp-content\plugins\duplicator-pro\src\Core\Controllers\ControllersManager.php on line 120
[14-Nov-2025 03:25:18 UTC] PHP Deprecated:  Constant FILTER_SANITIZE_STRING is deprecated in C:\Users\Dell\Local Sites\quotation\app\public\wp-content\plugins\duplicator-pro\src\Core\Controllers\ControllersManager.php on line 126
[14-Nov-2025 03:25:18 UTC] PHP Deprecated:  Creation of dynamic property UpdraftPlus_BackupModule_onedrive::$test_button is deprecated in C:\Users\Dell\Local Sites\quotation\app\public\wp-content\plugins\updraftplus\methods\addon-base-v2.php on line 41
[14-Nov-2025 03:25:18 UTC] PHP Deprecated:  Creation of dynamic property UpdraftPlus_BackupModule_azure::$test_button is deprecated in C:\Users\Dell\Local Sites\quotation\app\public\wp-content\plugins\updraftplus\methods\addon-base-v2.php on line 41
[14-Nov-2025 03:25:18 UTC] PHP Deprecated:  Creation of dynamic property UpdraftPlus_BackupModule_sftp::$test_button is deprecated in C:\Users\Dell\Local Sites\quotation\app\public\wp-content\plugins\updraftplus\methods\addon-base-v2.php on line 41
[14-Nov-2025 03:25:18 UTC] PHP Deprecated:  Creation of dynamic property UpdraftPlus_BackupModule_googlecloud::$test_button is deprecated in C:\Users\Dell\Local Sites\quotation\app\public\wp-content\plugins\updraftplus\methods\addon-base-v2.php on line 41
[14-Nov-2025 03:25:18 UTC] PHP Deprecated:  Creation of dynamic property UpdraftPlus_BackupModule_backblaze::$test_button is deprecated in C:\Users\Dell\Local Sites\quotation\app\public\wp-content\plugins\updraftplus\methods\addon-base-v2.php on line 41
[14-Nov-2025 03:25:18 UTC] PHP Deprecated:  Creation of dynamic property UpdraftPlus_BackupModule_webdav::$is_supress_initial_remote_404_log is deprecated in C:\Users\Dell\Local Sites\quotation\app\public\wp-content\plugins\updraftplus\addons\webdav.php on line 171
[14-Nov-2025 03:25:18 UTC] PHP Deprecated:  Creation of dynamic property UpdraftPlus_BackupModule_webdav::$desc is deprecated in C:\Users\Dell\Local Sites\quotation\app\public\wp-content\plugins\updraftplus\addons\webdav.php on line 173
[14-Nov-2025 03:25:18 UTC] PHP Deprecated:  Creation of dynamic property UpdraftPlus_BackupModule_updraftvault::$vault_in_config_print is deprecated in C:\Users\Dell\Local Sites\quotation\app\public\wp-content\plugins\updraftplus\methods\updraftvault.php on line 335
[14-Nov-2025 03:25:18 UTC] PHP Deprecated:  urldecode(): Passing null to parameter #1 ($string) of type string is deprecated in C:\Users\Dell\Local Sites\quotation\app\public\wp-content\plugins\updraftplus\addons\webdav.php on line 447
[14-Nov-2025 03:25:18 UTC] PHP Deprecated:  urldecode(): Passing null to parameter #1 ($string) of type string is deprecated in C:\Users\Dell\Local Sites\quotation\app\public\wp-content\plugins\updraftplus\addons\webdav.php on line 448
[14-Nov-2025 03:25:18 UTC] PHP Deprecated:  urldecode(): Passing null to parameter #1 ($string) of type string is deprecated in C:\Users\Dell\Local Sites\quotation\app\public\wp-content\plugins\updraftplus\addons\webdav.php on line 449
[14-Nov-2025 03:25:18 UTC] PHP Deprecated:  urldecode(): Passing null to parameter #1 ($string) of type string is deprecated in C:\Users\Dell\Local Sites\quotation\app\public\wp-content\plugins\updraftplus\addons\webdav.php on line 447
[14-Nov-2025 03:25:18 UTC] PHP Deprecated:  urldecode(): Passing null to parameter #1 ($string) of type string is deprecated in C:\Users\Dell\Local Sites\quotation\app\public\wp-content\plugins\updraftplus\addons\webdav.php on line 448
[14-Nov-2025 03:25:18 UTC] PHP Deprecated:  urldecode(): Passing null to parameter #1 ($string) of type string is deprecated in C:\Users\Dell\Local Sites\quotation\app\public\wp-content\plugins\updraftplus\addons\webdav.php on line 449
[14-Nov-2025 03:25:18 UTC] PHP Notice:  Function _load_textdomain_just_in_time was called <strong>incorrectly</strong>. Translation loading for the <code>fl-builder</code> domain was triggered too early. This is usually an indicator for some code in the plugin or theme running too early. Translations should be loaded at the <code>init</code> action or later. Please see <a href="https://developer.wordpress.org/advanced-administration/debug/debug-wordpress/">Debugging in WordPress</a> for more information. (This message was added in version 6.7.0.) in C:\Users\Dell\Local Sites\quotation\app\public\wp-includes\functions.php on line 6121
[14-Nov-2025 03:25:18 UTC] PHP Deprecated:  Return type of DUP_PRO_DB_Build_Iterator::current() should either be compatible with Iterator::current(): mixed, or the #[\ReturnTypeWillChange] attribute should be used to temporarily suppress the notice in C:\Users\Dell\Local Sites\quotation\app\public\wp-content\plugins\duplicator-pro\classes\package\class.pack.database.build.iterator.php on line 378
[14-Nov-2025 03:25:18 UTC] PHP Deprecated:  Return type of DUP_PRO_DB_Build_Iterator::next() should either be compatible with Iterator::next(): void, or the #[\ReturnTypeWillChange] attribute should be used to temporarily suppress the notice in C:\Users\Dell\Local Sites\quotation\app\public\wp-content\plugins\duplicator-pro\classes\package\class.pack.database.build.iterator.php on line 290
[14-Nov-2025 03:25:18 UTC] PHP Deprecated:  Return type of DUP_PRO_DB_Build_Iterator::key() should either be compatible with Iterator::key(): mixed, or the #[\ReturnTypeWillChange] attribute should be used to temporarily suppress the notice in C:\Users\Dell\Local Sites\quotation\app\public\wp-content\plugins\duplicator-pro\classes\package\class.pack.database.build.iterator.php on line 441
[14-Nov-2025 03:25:18 UTC] PHP Deprecated:  Return type of DUP_PRO_DB_Build_Iterator::valid() should either be compatible with Iterator::valid(): bool, or the #[\ReturnTypeWillChange] attribute should be used to temporarily suppress the notice in C:\Users\Dell\Local Sites\quotation\app\public\wp-content\plugins\duplicator-pro\classes\package\class.pack.database.build.iterator.php on line 369
[14-Nov-2025 03:25:18 UTC] PHP Deprecated:  Return type of DUP_PRO_DB_Build_Iterator::rewind() should either be compatible with Iterator::rewind(): void, or the #[\ReturnTypeWillChange] attribute should be used to temporarily suppress the notice in C:\Users\Dell\Local Sites\quotation\app\public\wp-content\plugins\duplicator-pro\classes\package\class.pack.database.build.iterator.php on line 227
[14-Nov-2025 03:25:18 UTC] PHP Deprecated:  Creation of dynamic property UpdraftPlus_Addon_Reporting::$log_ident is deprecated in C:\Users\Dell\Local Sites\quotation\app\public\wp-content\plugins\updraftplus\addons\reporting.php on line 49
[14-Nov-2025 03:25:18 UTC] PHP Deprecated:  Creation of dynamic property UpdraftPlus_Addon_Reporting::$log_facility is deprecated in C:\Users\Dell\Local Sites\quotation\app\public\wp-content\plugins\updraftplus\addons\reporting.php on line 50
[14-Nov-2025 03:25:18 UTC] PHP Deprecated:  Creation of dynamic property UpdraftPlusAddons2::$plugin_file is deprecated in C:\Users\Dell\Local Sites\quotation\app\public\wp-content\plugins\updraftplus\udaddons\updraftplus-addons.php on line 70
[14-Nov-2025 03:25:18 UTC] PHP Notice:  Function _load_textdomain_just_in_time was called <strong>incorrectly</strong>. Translation loading for the <code>wp-migrate-db</code> domain was triggered too early. This is usually an indicator for some code in the plugin or theme running too early. Translations should be loaded at the <code>init</code> action or later. Please see <a href="https://developer.wordpress.org/advanced-administration/debug/debug-wordpress/">Debugging in WordPress</a> for more information. (This message was added in version 6.7.0.) in C:\Users\Dell\Local Sites\quotation\app\public\wp-includes\functions.php on line 6121
[14-Nov-2025 03:25:18 UTC] PHP Deprecated:  Creation of dynamic property DUP_PRO_Global_Entity::$notices is deprecated in C:\Users\Dell\Local Sites\quotation\app\public\wp-content\plugins\duplicator-pro\classes\entities\class.json.entity.base.php on line 264
[14-Nov-2025 03:25:18 UTC] PHP Notice:  Function _load_textdomain_just_in_time was called <strong>incorrectly</strong>. Translation loading for the <code>updraftplus</code> domain was triggered too early. This is usually an indicator for some code in the plugin or theme running too early. Translations should be loaded at the <code>init</code> action or later. Please see <a href="https://developer.wordpress.org/advanced-administration/debug/debug-wordpress/">Debugging in WordPress</a> for more information. (This message was added in version 6.7.0.) in C:\Users\Dell\Local Sites\quotation\app\public\wp-includes\functions.php on line 6121
[14-Nov-2025 03:25:18 UTC] PHP Deprecated:  Creation of dynamic property UpdraftPlus_Addon_CloudFilesEnhanced::$title is deprecated in C:\Users\Dell\Local Sites\quotation\app\public\wp-content\plugins\updraftplus\addons\cloudfiles-enhanced.php on line 37
[14-Nov-2025 03:25:18 UTC] PHP Deprecated:  Creation of dynamic property UpdraftPlus_Addon_CloudFilesEnhanced::$description is deprecated in C:\Users\Dell\Local Sites\quotation\app\public\wp-content\plugins\updraftplus\addons\cloudfiles-enhanced.php on line 38
[14-Nov-2025 03:25:18 UTC] PHP Notice:  Function _load_textdomain_just_in_time was called <strong>incorrectly</strong>. Translation loading for the <code>updraftplus</code> domain was triggered too early. This is usually an indicator for some code in the plugin or theme running too early. Translations should be loaded at the <code>init</code> action or later. Please see <a href="https://developer.wordpress.org/advanced-administration/debug/debug-wordpress/">Debugging in WordPress</a> for more information. (This message was added in version 6.7.0.) in C:\Users\Dell\Local Sites\quotation\app\public\wp-includes\functions.php on line 6121
[14-Nov-2025 03:25:18 UTC] PHP Notice:  Function _load_textdomain_just_in_time was called <strong>incorrectly</strong>. Translation loading for the <code>astra</code> domain was triggered too early. This is usually an indicator for some code in the plugin or theme running too early. Translations should be loaded at the <code>init</code> action or later. Please see <a href="https://developer.wordpress.org/advanced-administration/debug/debug-wordpress/">Debugging in WordPress</a> for more information. (This message was added in version 6.7.0.) in C:\Users\Dell\Local Sites\quotation\app\public\wp-includes\functions.php on line 6121
[14-Nov-2025 03:25:19 UTC] PHP Deprecated:  Creation of dynamic property LOGINPRESS_PRO_SL_Plugin_Updater::$beta is deprecated in C:\Users\Dell\Local Sites\quotation\app\public\wp-content\plugins\loginpress-pro\lib\LOGINPRESS_PRO_SL_Plugin_Updater.php on line 42
[14-Nov-2025 03:25:19 UTC] PHP Deprecated:  Creation of dynamic property Puc_v4p11_Plugin_Update::$x-spm-subscription-active is deprecated in C:\Users\Dell\Local Sites\quotation\app\public\wp-content\plugins\updraftplus\vendor\yahnis-elsts\plugin-update-checker\Puc\v4p11\Metadata.php on line 111
[14-Nov-2025 03:25:58 UTC] PHP Notice:  Function _load_textdomain_just_in_time was called <strong>incorrectly</strong>. Translation loading for the <code>fl-builder</code> domain was triggered too early. This is usually an indicator for some code in the plugin or theme running too early. Translations should be loaded at the <code>init</code> action or later. Please see <a href="https://developer.wordpress.org/advanced-administration/debug/debug-wordpress/">Debugging in WordPress</a> for more information. (This message was added in version 6.7.0.) in C:\Users\Dell\Local Sites\quotation\app\public\wp-includes\functions.php on line 6121
[14-Nov-2025 03:25:58 UTC] PHP Deprecated:  Return type of DUP_PRO_DB_Build_Iterator::current() should either be compatible with Iterator::current(): mixed, or the #[\ReturnTypeWillChange] attribute should be used to temporarily suppress the notice in C:\Users\Dell\Local Sites\quotation\app\public\wp-content\plugins\duplicator-pro\classes\package\class.pack.database.build.iterator.php on line 378
[14-Nov-2025 03:25:58 UTC] PHP Deprecated:  Return type of DUP_PRO_DB_Build_Iterator::next() should either be compatible with Iterator::next(): void, or the #[\ReturnTypeWillChange] attribute should be used to temporarily suppress the notice in C:\Users\Dell\Local Sites\quotation\app\public\wp-content\plugins\duplicator-pro\classes\package\class.pack.database.build.iterator.php on line 290
[14-Nov-2025 03:25:58 UTC] PHP Deprecated:  Return type of DUP_PRO_DB_Build_Iterator::key() should either be compatible with Iterator::key(): mixed, or the #[\ReturnTypeWillChange] attribute should be used to temporarily suppress the notice in C:\Users\Dell\Local Sites\quotation\app\public\wp-content\plugins\duplicator-pro\classes\package\class.pack.database.build.iterator.php on line 441
[14-Nov-2025 03:25:58 UTC] PHP Deprecated:  Return type of DUP_PRO_DB_Build_Iterator::valid() should either be compatible with Iterator::valid(): bool, or the #[\ReturnTypeWillChange] attribute should be used to temporarily suppress the notice in C:\Users\Dell\Local Sites\quotation\app\public\wp-content\plugins\duplicator-pro\classes\package\class.pack.database.build.iterator.php on line 369
[14-Nov-2025 03:25:58 UTC] PHP Deprecated:  Return type of DUP_PRO_DB_Build_Iterator::rewind() should either be compatible with Iterator::rewind(): void, or the #[\ReturnTypeWillChange] attribute should be used to temporarily suppress the notice in C:\Users\Dell\Local Sites\quotation\app\public\wp-content\plugins\duplicator-pro\classes\package\class.pack.database.build.iterator.php on line 227
[14-Nov-2025 03:25:58 UTC] PHP Deprecated:  Creation of dynamic property UpdraftPlus_Addon_Reporting::$log_ident is deprecated in C:\Users\Dell\Local Sites\quotation\app\public\wp-content\plugins\updraftplus\addons\reporting.php on line 49
[14-Nov-2025 03:25:58 UTC] PHP Deprecated:  Creation of dynamic property UpdraftPlus_Addon_Reporting::$log_facility is deprecated in C:\Users\Dell\Local Sites\quotation\app\public\wp-content\plugins\updraftplus\addons\reporting.php on line 50
[14-Nov-2025 03:25:58 UTC] PHP Deprecated:  Creation of dynamic property UpdraftPlusAddons2::$plugin_file is deprecated in C:\Users\Dell\Local Sites\quotation\app\public\wp-content\plugins\updraftplus\udaddons\updraftplus-addons.php on line 70
[14-Nov-2025 03:25:58 UTC] PHP Notice:  Function _load_textdomain_just_in_time was called <strong>incorrectly</strong>. Translation loading for the <code>wp-migrate-db</code> domain was triggered too early. This is usually an indicator for some code in the plugin or theme running too early. Translations should be loaded at the <code>init</code> action or later. Please see <a href="https://developer.wordpress.org/advanced-administration/debug/debug-wordpress/">Debugging in WordPress</a> for more information. (This message was added in version 6.7.0.) in C:\Users\Dell\Local Sites\quotation\app\public\wp-includes\functions.php on line 6121
[14-Nov-2025 03:25:58 UTC] PHP Deprecated:  Creation of dynamic property DUP_PRO_Global_Entity::$notices is deprecated in C:\Users\Dell\Local Sites\quotation\app\public\wp-content\plugins\duplicator-pro\classes\entities\class.json.entity.base.php on line 264
[14-Nov-2025 03:25:58 UTC] PHP Notice:  Function _load_textdomain_just_in_time was called <strong>incorrectly</strong>. Translation loading for the <code>updraftplus</code> domain was triggered too early. This is usually an indicator for some code in the plugin or theme running too early. Translations should be loaded at the <code>init</code> action or later. Please see <a href="https://developer.wordpress.org/advanced-administration/debug/debug-wordpress/">Debugging in WordPress</a> for more information. (This message was added in version 6.7.0.) in C:\Users\Dell\Local Sites\quotation\app\public\wp-includes\functions.php on line 6121
[14-Nov-2025 03:25:58 UTC] PHP Deprecated:  Creation of dynamic property UpdraftPlus_Addon_CloudFilesEnhanced::$title is deprecated in C:\Users\Dell\Local Sites\quotation\app\public\wp-content\plugins\updraftplus\addons\cloudfiles-enhanced.php on line 37
[14-Nov-2025 03:25:58 UTC] PHP Deprecated:  Creation of dynamic property UpdraftPlus_Addon_CloudFilesEnhanced::$description is deprecated in C:\Users\Dell\Local Sites\quotation\app\public\wp-content\plugins\updraftplus\addons\cloudfiles-enhanced.php on line 38
[14-Nov-2025 03:25:58 UTC] PHP Notice:  Function _load_textdomain_just_in_time was called <strong>incorrectly</strong>. Translation loading for the <code>updraftplus</code> domain was triggered too early. This is usually an indicator for some code in the plugin or theme running too early. Translations should be loaded at the <code>init</code> action or later. Please see <a href="https://developer.wordpress.org/advanced-administration/debug/debug-wordpress/">Debugging in WordPress</a> for more information. (This message was added in version 6.7.0.) in C:\Users\Dell\Local Sites\quotation\app\public\wp-includes\functions.php on line 6121
[14-Nov-2025 03:25:58 UTC] PHP Notice:  Function _load_textdomain_just_in_time was called <strong>incorrectly</strong>. Translation loading for the <code>astra</code> domain was triggered too early. This is usually an indicator for some code in the plugin or theme running too early. Translations should be loaded at the <code>init</code> action or later. Please see <a href="https://developer.wordpress.org/advanced-administration/debug/debug-wordpress/">Debugging in WordPress</a> for more information. (This message was added in version 6.7.0.) in C:\Users\Dell\Local Sites\quotation\app\public\wp-includes\functions.php on line 6121
[14-Nov-2025 03:25:58 UTC] PHP Deprecated:  Creation of dynamic property LOGINPRESS_PRO_SL_Plugin_Updater::$beta is deprecated in C:\Users\Dell\Local Sites\quotation\app\public\wp-content\plugins\loginpress-pro\lib\LOGINPRESS_PRO_SL_Plugin_Updater.php on line 42
[14-Nov-2025 03:25:58 UTC] PHP Deprecated:  Creation of dynamic property Puc_v4p11_Plugin_Update::$x-spm-subscription-active is deprecated in C:\Users\Dell\Local Sites\quotation\app\public\wp-content\plugins\updraftplus\vendor\yahnis-elsts\plugin-update-checker\Puc\v4p11\Metadata.php on line 111
[14-Nov-2025 03:26:02 UTC] PHP Notice:  Function _load_textdomain_just_in_time was called <strong>incorrectly</strong>. Translation loading for the <code>fl-builder</code> domain was triggered too early. This is usually an indicator for some code in the plugin or theme running too early. Translations should be loaded at the <code>init</code> action or later. Please see <a href="https://developer.wordpress.org/advanced-administration/debug/debug-wordpress/">Debugging in WordPress</a> for more information. (This message was added in version 6.7.0.) in C:\Users\Dell\Local Sites\quotation\app\public\wp-includes\functions.php on line 6121
[14-Nov-2025 03:26:02 UTC] PHP Deprecated:  Creation of dynamic property UpdraftPlus_Addon_Reporting::$log_ident is deprecated in C:\Users\Dell\Local Sites\quotation\app\public\wp-content\plugins\updraftplus\addons\reporting.php on line 49
[14-Nov-2025 03:26:02 UTC] PHP Deprecated:  Creation of dynamic property UpdraftPlus_Addon_Reporting::$log_facility is deprecated in C:\Users\Dell\Local Sites\quotation\app\public\wp-content\plugins\updraftplus\addons\reporting.php on line 50
[14-Nov-2025 03:26:02 UTC] PHP Deprecated:  Creation of dynamic property UpdraftPlusAddons2::$plugin_file is deprecated in C:\Users\Dell\Local Sites\quotation\app\public\wp-content\plugins\updraftplus\udaddons\updraftplus-addons.php on line 70
[14-Nov-2025 03:26:02 UTC] PHP Notice:  Function _load_textdomain_just_in_time was called <strong>incorrectly</strong>. Translation loading for the <code>wp-migrate-db</code> domain was triggered too early. This is usually an indicator for some code in the plugin or theme running too early. Translations should be loaded at the <code>init</code> action or later. Please see <a href="https://developer.wordpress.org/advanced-administration/debug/debug-wordpress/">Debugging in WordPress</a> for more information. (This message was added in version 6.7.0.) in C:\Users\Dell\Local Sites\quotation\app\public\wp-includes\functions.php on line 6121
[14-Nov-2025 03:26:02 UTC] PHP Notice:  Function _load_textdomain_just_in_time was called <strong>incorrectly</strong>. Translation loading for the <code>updraftplus</code> domain was triggered too early. This is usually an indicator for some code in the plugin or theme running too early. Translations should be loaded at the <code>init</code> action or later. Please see <a href="https://developer.wordpress.org/advanced-administration/debug/debug-wordpress/">Debugging in WordPress</a> for more information. (This message was added in version 6.7.0.) in C:\Users\Dell\Local Sites\quotation\app\public\wp-includes\functions.php on line 6121
[14-Nov-2025 03:26:02 UTC] PHP Deprecated:  Creation of dynamic property UpdraftPlus_Addon_CloudFilesEnhanced::$title is deprecated in C:\Users\Dell\Local Sites\quotation\app\public\wp-content\plugins\updraftplus\addons\cloudfiles-enhanced.php on line 37
[14-Nov-2025 03:26:02 UTC] PHP Deprecated:  Creation of dynamic property UpdraftPlus_Addon_CloudFilesEnhanced::$description is deprecated in C:\Users\Dell\Local Sites\quotation\app\public\wp-content\plugins\updraftplus\addons\cloudfiles-enhanced.php on line 38
[14-Nov-2025 03:26:02 UTC] PHP Notice:  Function _load_textdomain_just_in_time was called <strong>incorrectly</strong>. Translation loading for the <code>updraftplus</code> domain was triggered too early. This is usually an indicator for some code in the plugin or theme running too early. Translations should be loaded at the <code>init</code> action or later. Please see <a href="https://developer.wordpress.org/advanced-administration/debug/debug-wordpress/">Debugging in WordPress</a> for more information. (This message was added in version 6.7.0.) in C:\Users\Dell\Local Sites\quotation\app\public\wp-includes\functions.php on line 6121
[14-Nov-2025 03:26:02 UTC] PHP Notice:  Function _load_textdomain_just_in_time was called <strong>incorrectly</strong>. Translation loading for the <code>astra</code> domain was triggered too early. This is usually an indicator for some code in the plugin or theme running too early. Translations should be loaded at the <code>init</code> action or later. Please see <a href="https://developer.wordpress.org/advanced-administration/debug/debug-wordpress/">Debugging in WordPress</a> for more information. (This message was added in version 6.7.0.) in C:\Users\Dell\Local Sites\quotation\app\public\wp-includes\functions.php on line 6121
[14-Nov-2025 03:26:02 UTC] PHP Deprecated:  Return type of DUP_PRO_DB_Build_Iterator::current() should either be compatible with Iterator::current(): mixed, or the #[\ReturnTypeWillChange] attribute should be used to temporarily suppress the notice in C:\Users\Dell\Local Sites\quotation\app\public\wp-content\plugins\duplicator-pro\classes\package\class.pack.database.build.iterator.php on line 378
[14-Nov-2025 03:26:02 UTC] PHP Deprecated:  Return type of DUP_PRO_DB_Build_Iterator::next() should either be compatible with Iterator::next(): void, or the #[\ReturnTypeWillChange] attribute should be used to temporarily suppress the notice in C:\Users\Dell\Local Sites\quotation\app\public\wp-content\plugins\duplicator-pro\classes\package\class.pack.database.build.iterator.php on line 290
[14-Nov-2025 03:26:02 UTC] PHP Deprecated:  Return type of DUP_PRO_DB_Build_Iterator::key() should either be compatible with Iterator::key(): mixed, or the #[\ReturnTypeWillChange] attribute should be used to temporarily suppress the notice in C:\Users\Dell\Local Sites\quotation\app\public\wp-content\plugins\duplicator-pro\classes\package\class.pack.database.build.iterator.php on line 441
[14-Nov-2025 03:26:02 UTC] PHP Deprecated:  Return type of DUP_PRO_DB_Build_Iterator::valid() should either be compatible with Iterator::valid(): bool, or the #[\ReturnTypeWillChange] attribute should be used to temporarily suppress the notice in C:\Users\Dell\Local Sites\quotation\app\public\wp-content\plugins\duplicator-pro\classes\package\class.pack.database.build.iterator.php on line 369
[14-Nov-2025 03:26:02 UTC] PHP Deprecated:  Return type of DUP_PRO_DB_Build_Iterator::rewind() should either be compatible with Iterator::rewind(): void, or the #[\ReturnTypeWillChange] attribute should be used to temporarily suppress the notice in C:\Users\Dell\Local Sites\quotation\app\public\wp-content\plugins\duplicator-pro\classes\package\class.pack.database.build.iterator.php on line 227
[14-Nov-2025 03:26:02 UTC] PHP Deprecated:  Creation of dynamic property DUP_PRO_Global_Entity::$notices is deprecated in C:\Users\Dell\Local Sites\quotation\app\public\wp-content\plugins\duplicator-pro\classes\entities\class.json.entity.base.php on line 264
[14-Nov-2025 03:26:19 UTC] PHP Notice:  Function _load_textdomain_just_in_time was called <strong>incorrectly</strong>. Translation loading for the <code>fl-builder</code> domain was triggered too early. This is usually an indicator for some code in the plugin or theme running too early. Translations should be loaded at the <code>init</code> action or later. Please see <a href="https://developer.wordpress.org/advanced-administration/debug/debug-wordpress/">Debugging in WordPress</a> for more information. (This message was added in version 6.7.0.) in C:\Users\Dell\Local Sites\quotation\app\public\wp-includes\functions.php on line 6121
[14-Nov-2025 03:26:19 UTC] PHP Deprecated:  Return type of DUP_PRO_DB_Build_Iterator::current() should either be compatible with Iterator::current(): mixed, or the #[\ReturnTypeWillChange] attribute should be used to temporarily suppress the notice in C:\Users\Dell\Local Sites\quotation\app\public\wp-content\plugins\duplicator-pro\classes\package\class.pack.database.build.iterator.php on line 378
[14-Nov-2025 03:26:19 UTC] PHP Deprecated:  Return type of DUP_PRO_DB_Build_Iterator::next() should either be compatible with Iterator::next(): void, or the #[\ReturnTypeWillChange] attribute should be used to temporarily suppress the notice in C:\Users\Dell\Local Sites\quotation\app\public\wp-content\plugins\duplicator-pro\classes\package\class.pack.database.build.iterator.php on line 290
[14-Nov-2025 03:26:19 UTC] PHP Deprecated:  Return type of DUP_PRO_DB_Build_Iterator::key() should either be compatible with Iterator::key(): mixed, or the #[\ReturnTypeWillChange] attribute should be used to temporarily suppress the notice in C:\Users\Dell\Local Sites\quotation\app\public\wp-content\plugins\duplicator-pro\classes\package\class.pack.database.build.iterator.php on line 441
[14-Nov-2025 03:26:19 UTC] PHP Deprecated:  Return type of DUP_PRO_DB_Build_Iterator::valid() should either be compatible with Iterator::valid(): bool, or the #[\ReturnTypeWillChange] attribute should be used to temporarily suppress the notice in C:\Users\Dell\Local Sites\quotation\app\public\wp-content\plugins\duplicator-pro\classes\package\class.pack.database.build.iterator.php on line 369
[14-Nov-2025 03:26:19 UTC] PHP Deprecated:  Return type of DUP_PRO_DB_Build_Iterator::rewind() should either be compatible with Iterator::rewind(): void, or the #[\ReturnTypeWillChange] attribute should be used to temporarily suppress the notice in C:\Users\Dell\Local Sites\quotation\app\public\wp-content\plugins\duplicator-pro\classes\package\class.pack.database.build.iterator.php on line 227
[14-Nov-2025 03:26:19 UTC] PHP Deprecated:  Creation of dynamic property UpdraftPlus_Addon_Reporting::$log_ident is deprecated in C:\Users\Dell\Local Sites\quotation\app\public\wp-content\plugins\updraftplus\addons\reporting.php on line 49
[14-Nov-2025 03:26:19 UTC] PHP Deprecated:  Creation of dynamic property UpdraftPlus_Addon_Reporting::$log_facility is deprecated in C:\Users\Dell\Local Sites\quotation\app\public\wp-content\plugins\updraftplus\addons\reporting.php on line 50
[14-Nov-2025 03:26:19 UTC] PHP Deprecated:  Creation of dynamic property UpdraftPlusAddons2::$plugin_file is deprecated in C:\Users\Dell\Local Sites\quotation\app\public\wp-content\plugins\updraftplus\udaddons\updraftplus-addons.php on line 70
[14-Nov-2025 03:26:19 UTC] PHP Notice:  Function _load_textdomain_just_in_time was called <strong>incorrectly</strong>. Translation loading for the <code>wp-migrate-db</code> domain was triggered too early. This is usually an indicator for some code in the plugin or theme running too early. Translations should be loaded at the <code>init</code> action or later. Please see <a href="https://developer.wordpress.org/advanced-administration/debug/debug-wordpress/">Debugging in WordPress</a> for more information. (This message was added in version 6.7.0.) in C:\Users\Dell\Local Sites\quotation\app\public\wp-includes\functions.php on line 6121
[14-Nov-2025 03:26:19 UTC] PHP Deprecated:  Creation of dynamic property DUP_PRO_Global_Entity::$notices is deprecated in C:\Users\Dell\Local Sites\quotation\app\public\wp-content\plugins\duplicator-pro\classes\entities\class.json.entity.base.php on line 264
[14-Nov-2025 03:26:19 UTC] PHP Notice:  Function _load_textdomain_just_in_time was called <strong>incorrectly</strong>. Translation loading for the <code>updraftplus</code> domain was triggered too early. This is usually an indicator for some code in the plugin or theme running too early. Translations should be loaded at the <code>init</code> action or later. Please see <a href="https://developer.wordpress.org/advanced-administration/debug/debug-wordpress/">Debugging in WordPress</a> for more information. (This message was added in version 6.7.0.) in C:\Users\Dell\Local Sites\quotation\app\public\wp-includes\functions.php on line 6121
[14-Nov-2025 03:26:19 UTC] PHP Deprecated:  Creation of dynamic property UpdraftPlus_Addon_CloudFilesEnhanced::$title is deprecated in C:\Users\Dell\Local Sites\quotation\app\public\wp-content\plugins\updraftplus\addons\cloudfiles-enhanced.php on line 37
[14-Nov-2025 03:26:19 UTC] PHP Deprecated:  Creation of dynamic property UpdraftPlus_Addon_CloudFilesEnhanced::$description is deprecated in C:\Users\Dell\Local Sites\quotation\app\public\wp-content\plugins\updraftplus\addons\cloudfiles-enhanced.php on line 38
[14-Nov-2025 03:26:19 UTC] PHP Notice:  Function _load_textdomain_just_in_time was called <strong>incorrectly</strong>. Translation loading for the <code>updraftplus</code> domain was triggered too early. This is usually an indicator for some code in the plugin or theme running too early. Translations should be loaded at the <code>init</code> action or later. Please see <a href="https://developer.wordpress.org/advanced-administration/debug/debug-wordpress/">Debugging in WordPress</a> for more information. (This message was added in version 6.7.0.) in C:\Users\Dell\Local Sites\quotation\app\public\wp-includes\functions.php on line 6121
[14-Nov-2025 03:26:19 UTC] PHP Notice:  Function _load_textdomain_just_in_time was called <strong>incorrectly</strong>. Translation loading for the <code>astra</code> domain was triggered too early. This is usually an indicator for some code in the plugin or theme running too early. Translations should be loaded at the <code>init</code> action or later. Please see <a href="https://developer.wordpress.org/advanced-administration/debug/debug-wordpress/">Debugging in WordPress</a> for more information. (This message was added in version 6.7.0.) in C:\Users\Dell\Local Sites\quotation\app\public\wp-includes\functions.php on line 6121
[14-Nov-2025 03:26:19 UTC] PHP Deprecated:  Creation of dynamic property LOGINPRESS_PRO_SL_Plugin_Updater::$beta is deprecated in C:\Users\Dell\Local Sites\quotation\app\public\wp-content\plugins\loginpress-pro\lib\LOGINPRESS_PRO_SL_Plugin_Updater.php on line 42
[14-Nov-2025 03:26:19 UTC] PHP Deprecated:  Creation of dynamic property Puc_v4p11_Plugin_Update::$x-spm-subscription-active is deprecated in C:\Users\Dell\Local Sites\quotation\app\public\wp-content\plugins\updraftplus\vendor\yahnis-elsts\plugin-update-checker\Puc\v4p11\Metadata.php on line 111
[14-Nov-2025 03:27:17 UTC] PHP Notice:  Function _load_textdomain_just_in_time was called <strong>incorrectly</strong>. Translation loading for the <code>fl-builder</code> domain was triggered too early. This is usually an indicator for some code in the plugin or theme running too early. Translations should be loaded at the <code>init</code> action or later. Please see <a href="https://developer.wordpress.org/advanced-administration/debug/debug-wordpress/">Debugging in WordPress</a> for more information. (This message was added in version 6.7.0.) in C:\Users\Dell\Local Sites\quotation\app\public\wp-includes\functions.php on line 6121
[14-Nov-2025 03:27:17 UTC] PHP Deprecated:  Return type of DUP_PRO_DB_Build_Iterator::current() should either be compatible with Iterator::current(): mixed, or the #[\ReturnTypeWillChange] attribute should be used to temporarily suppress the notice in C:\Users\Dell\Local Sites\quotation\app\public\wp-content\plugins\duplicator-pro\classes\package\class.pack.database.build.iterator.php on line 378
[14-Nov-2025 03:27:17 UTC] PHP Deprecated:  Return type of DUP_PRO_DB_Build_Iterator::next() should either be compatible with Iterator::next(): void, or the #[\ReturnTypeWillChange] attribute should be used to temporarily suppress the notice in C:\Users\Dell\Local Sites\quotation\app\public\wp-content\plugins\duplicator-pro\classes\package\class.pack.database.build.iterator.php on line 290
[14-Nov-2025 03:27:17 UTC] PHP Deprecated:  Return type of DUP_PRO_DB_Build_Iterator::key() should either be compatible with Iterator::key(): mixed, or the #[\ReturnTypeWillChange] attribute should be used to temporarily suppress the notice in C:\Users\Dell\Local Sites\quotation\app\public\wp-content\plugins\duplicator-pro\classes\package\class.pack.database.build.iterator.php on line 441
[14-Nov-2025 03:27:17 UTC] PHP Deprecated:  Return type of DUP_PRO_DB_Build_Iterator::valid() should either be compatible with Iterator::valid(): bool, or the #[\ReturnTypeWillChange] attribute should be used to temporarily suppress the notice in C:\Users\Dell\Local Sites\quotation\app\public\wp-content\plugins\duplicator-pro\classes\package\class.pack.database.build.iterator.php on line 369
[14-Nov-2025 03:27:17 UTC] PHP Deprecated:  Return type of DUP_PRO_DB_Build_Iterator::rewind() should either be compatible with Iterator::rewind(): void, or the #[\ReturnTypeWillChange] attribute should be used to temporarily suppress the notice in C:\Users\Dell\Local Sites\quotation\app\public\wp-content\plugins\duplicator-pro\classes\package\class.pack.database.build.iterator.php on line 227
[14-Nov-2025 03:27:17 UTC] PHP Deprecated:  Creation of dynamic property UpdraftPlus_Addon_Reporting::$log_ident is deprecated in C:\Users\Dell\Local Sites\quotation\app\public\wp-content\plugins\updraftplus\addons\reporting.php on line 49
[14-Nov-2025 03:27:17 UTC] PHP Deprecated:  Creation of dynamic property UpdraftPlus_Addon_Reporting::$log_facility is deprecated in C:\Users\Dell\Local Sites\quotation\app\public\wp-content\plugins\updraftplus\addons\reporting.php on line 50
[14-Nov-2025 03:27:17 UTC] PHP Deprecated:  Creation of dynamic property UpdraftPlusAddons2::$plugin_file is deprecated in C:\Users\Dell\Local Sites\quotation\app\public\wp-content\plugins\updraftplus\udaddons\updraftplus-addons.php on line 70
[14-Nov-2025 03:27:17 UTC] PHP Notice:  Function _load_textdomain_just_in_time was called <strong>incorrectly</strong>. Translation loading for the <code>wp-migrate-db</code> domain was triggered too early. This is usually an indicator for some code in the plugin or theme running too early. Translations should be loaded at the <code>init</code> action or later. Please see <a href="https://developer.wordpress.org/advanced-administration/debug/debug-wordpress/">Debugging in WordPress</a> for more information. (This message was added in version 6.7.0.) in C:\Users\Dell\Local Sites\quotation\app\public\wp-includes\functions.php on line 6121
[14-Nov-2025 03:27:17 UTC] PHP Deprecated:  Creation of dynamic property DUP_PRO_Global_Entity::$notices is deprecated in C:\Users\Dell\Local Sites\quotation\app\public\wp-content\plugins\duplicator-pro\classes\entities\class.json.entity.base.php on line 264
[14-Nov-2025 03:27:17 UTC] PHP Notice:  Function _load_textdomain_just_in_time was called <strong>incorrectly</strong>. Translation loading for the <code>updraftplus</code> domain was triggered too early. This is usually an indicator for some code in the plugin or theme running too early. Translations should be loaded at the <code>init</code> action or later. Please see <a href="https://developer.wordpress.org/advanced-administration/debug/debug-wordpress/">Debugging in WordPress</a> for more information. (This message was added in version 6.7.0.) in C:\Users\Dell\Local Sites\quotation\app\public\wp-includes\functions.php on line 6121
[14-Nov-2025 03:27:17 UTC] PHP Deprecated:  Creation of dynamic property UpdraftPlus_Addon_CloudFilesEnhanced::$title is deprecated in C:\Users\Dell\Local Sites\quotation\app\public\wp-content\plugins\updraftplus\addons\cloudfiles-enhanced.php on line 37
[14-Nov-2025 03:27:17 UTC] PHP Deprecated:  Creation of dynamic property UpdraftPlus_Addon_CloudFilesEnhanced::$description is deprecated in C:\Users\Dell\Local Sites\quotation\app\public\wp-content\plugins\updraftplus\addons\cloudfiles-enhanced.php on line 38
[14-Nov-2025 03:27:17 UTC] PHP Notice:  Function _load_textdomain_just_in_time was called <strong>incorrectly</strong>. Translation loading for the <code>updraftplus</code> domain was triggered too early. This is usually an indicator for some code in the plugin or theme running too early. Translations should be loaded at the <code>init</code> action or later. Please see <a href="https://developer.wordpress.org/advanced-administration/debug/debug-wordpress/">Debugging in WordPress</a> for more information. (This message was added in version 6.7.0.) in C:\Users\Dell\Local Sites\quotation\app\public\wp-includes\functions.php on line 6121
[14-Nov-2025 03:27:17 UTC] PHP Notice:  Function _load_textdomain_just_in_time was called <strong>incorrectly</strong>. Translation loading for the <code>astra</code> domain was triggered too early. This is usually an indicator for some code in the plugin or theme running too early. Translations should be loaded at the <code>init</code> action or later. Please see <a href="https://developer.wordpress.org/advanced-administration/debug/debug-wordpress/">Debugging in WordPress</a> for more information. (This message was added in version 6.7.0.) in C:\Users\Dell\Local Sites\quotation\app\public\wp-includes\functions.php on line 6121
[14-Nov-2025 03:27:17 UTC] PHP Deprecated:  Creation of dynamic property Puc_v4p11_Plugin_Update::$x-spm-subscription-active is deprecated in C:\Users\Dell\Local Sites\quotation\app\public\wp-content\plugins\updraftplus\vendor\yahnis-elsts\plugin-update-checker\Puc\v4p11\Metadata.php on line 111
[14-Nov-2025 03:27:17 UTC] PHP Deprecated:  Creation of dynamic property UpdraftPlusAddons2::$options is deprecated in C:\Users\Dell\Local Sites\quotation\app\public\wp-content\plugins\updraftplus\udaddons\updraftplus-addons.php on line 362
[14-Nov-2025 03:27:17 UTC] PHP Deprecated:  strpos(): Passing null to parameter #1 ($haystack) of type string is deprecated in C:\Users\Dell\Local Sites\quotation\app\public\wp-includes\functions.php on line 7360
[14-Nov-2025 03:27:17 UTC] PHP Deprecated:  str_replace(): Passing null to parameter #3 ($subject) of type array|string is deprecated in C:\Users\Dell\Local Sites\quotation\app\public\wp-includes\functions.php on line 2195
[14-Nov-2025 03:27:17 UTC] PHP Deprecated:  Creation of dynamic property LOGINPRESS_PRO_SL_Plugin_Updater::$beta is deprecated in C:\Users\Dell\Local Sites\quotation\app\public\wp-content\plugins\loginpress-pro\lib\LOGINPRESS_PRO_SL_Plugin_Updater.php on line 42
[14-Nov-2025 03:27:17 UTC] PHP Deprecated:  Creation of dynamic property UpdraftPlus_Addon_LockAdmin::$opts is deprecated in C:\Users\Dell\Local Sites\quotation\app\public\wp-content\plugins\updraftplus\addons\lockadmin.php on line 73
[14-Nov-2025 03:27:17 UTC] PHP Deprecated:  Constant FILTER_SANITIZE_STRING is deprecated in C:\Users\Dell\Local Sites\quotation\app\public\wp-content\plugins\duplicator-pro\src\Core\Controllers\AbstractSinglePageController.php on line 177
[14-Nov-2025 03:27:17 UTC] PHP Deprecated:  filter_input(): Passing null to parameter #4 ($options) of type array|int is deprecated in C:\Users\Dell\Local Sites\quotation\app\public\wp-content\plugins\duplicator-pro\src\Libs\Snap\SnapUtil.php on line 360
[14-Nov-2025 03:27:17 UTC] PHP Deprecated:  Constant FILTER_SANITIZE_STRING is deprecated in C:\Users\Dell\Local Sites\quotation\app\public\wp-content\plugins\duplicator-pro\src\Core\Controllers\AbstractSinglePageController.php on line 177
[14-Nov-2025 03:27:17 UTC] PHP Deprecated:  filter_input(): Passing null to parameter #4 ($options) of type array|int is deprecated in C:\Users\Dell\Local Sites\quotation\app\public\wp-content\plugins\duplicator-pro\src\Libs\Snap\SnapUtil.php on line 360
[14-Nov-2025 03:27:17 UTC] PHP Deprecated:  Constant FILTER_SANITIZE_STRING is deprecated in C:\Users\Dell\Local Sites\quotation\app\public\wp-content\plugins\duplicator-pro\src\Core\Controllers\AbstractSinglePageController.php on line 177
[14-Nov-2025 03:27:17 UTC] PHP Deprecated:  filter_input(): Passing null to parameter #4 ($options) of type array|int is deprecated in C:\Users\Dell\Local Sites\quotation\app\public\wp-content\plugins\duplicator-pro\src\Libs\Snap\SnapUtil.php on line 360
[14-Nov-2025 03:27:17 UTC] PHP Deprecated:  Constant FILTER_SANITIZE_STRING is deprecated in C:\Users\Dell\Local Sites\quotation\app\public\wp-content\plugins\duplicator-pro\src\Core\Controllers\AbstractSinglePageController.php on line 177
[14-Nov-2025 03:27:17 UTC] PHP Deprecated:  filter_input(): Passing null to parameter #4 ($options) of type array|int is deprecated in C:\Users\Dell\Local Sites\quotation\app\public\wp-content\plugins\duplicator-pro\src\Libs\Snap\SnapUtil.php on line 360
[14-Nov-2025 03:27:17 UTC] PHP Deprecated:  Constant FILTER_SANITIZE_STRING is deprecated in C:\Users\Dell\Local Sites\quotation\app\public\wp-content\plugins\duplicator-pro\src\Core\Controllers\AbstractSinglePageController.php on line 177
[14-Nov-2025 03:27:17 UTC] PHP Deprecated:  filter_input(): Passing null to parameter #4 ($options) of type array|int is deprecated in C:\Users\Dell\Local Sites\quotation\app\public\wp-content\plugins\duplicator-pro\src\Libs\Snap\SnapUtil.php on line 360
[14-Nov-2025 03:27:17 UTC] PHP Deprecated:  Constant FILTER_SANITIZE_STRING is deprecated in C:\Users\Dell\Local Sites\quotation\app\public\wp-content\plugins\duplicator-pro\src\Core\Controllers\AbstractSinglePageController.php on line 177
[14-Nov-2025 03:27:17 UTC] PHP Deprecated:  filter_input(): Passing null to parameter #4 ($options) of type array|int is deprecated in C:\Users\Dell\Local Sites\quotation\app\public\wp-content\plugins\duplicator-pro\src\Libs\Snap\SnapUtil.php on line 360
[14-Nov-2025 03:27:17 UTC] PHP Deprecated:  Constant FILTER_SANITIZE_STRING is deprecated in C:\Users\Dell\Local Sites\quotation\app\public\wp-content\plugins\duplicator-pro\src\Core\Controllers\AbstractSinglePageController.php on line 177
[14-Nov-2025 03:27:17 UTC] PHP Deprecated:  filter_input(): Passing null to parameter #4 ($options) of type array|int is deprecated in C:\Users\Dell\Local Sites\quotation\app\public\wp-content\plugins\duplicator-pro\src\Libs\Snap\SnapUtil.php on line 360
[14-Nov-2025 03:27:17 UTC] PHP Deprecated:  Constant FILTER_SANITIZE_STRING is deprecated in C:\Users\Dell\Local Sites\quotation\app\public\wp-content\plugins\duplicator-pro\src\Core\Controllers\AbstractSinglePageController.php on line 177
[14-Nov-2025 03:27:17 UTC] PHP Deprecated:  filter_input(): Passing null to parameter #4 ($options) of type array|int is deprecated in C:\Users\Dell\Local Sites\quotation\app\public\wp-content\plugins\duplicator-pro\src\Libs\Snap\SnapUtil.php on line 360
[14-Nov-2025 03:27:17 UTC] PHP Deprecated:  Constant FILTER_SANITIZE_STRING is deprecated in C:\Users\Dell\Local Sites\quotation\app\public\wp-content\plugins\duplicator-pro\src\Core\Controllers\ControllersManager.php on line 114
[14-Nov-2025 03:27:17 UTC] PHP Deprecated:  Constant FILTER_SANITIZE_STRING is deprecated in C:\Users\Dell\Local Sites\quotation\app\public\wp-content\plugins\duplicator-pro\src\Core\Controllers\ControllersManager.php on line 120
[14-Nov-2025 03:27:17 UTC] PHP Deprecated:  Constant FILTER_SANITIZE_STRING is deprecated in C:\Users\Dell\Local Sites\quotation\app\public\wp-content\plugins\duplicator-pro\src\Core\Controllers\ControllersManager.php on line 126
[14-Nov-2025 03:27:17 UTC] PHP Deprecated:  Constant FILTER_SANITIZE_STRING is deprecated in C:\Users\Dell\Local Sites\quotation\app\public\wp-content\plugins\duplicator-pro\src\Core\Controllers\ControllersManager.php on line 114
[14-Nov-2025 03:27:17 UTC] PHP Deprecated:  Constant FILTER_SANITIZE_STRING is deprecated in C:\Users\Dell\Local Sites\quotation\app\public\wp-content\plugins\duplicator-pro\src\Core\Controllers\ControllersManager.php on line 120
[14-Nov-2025 03:27:17 UTC] PHP Deprecated:  Constant FILTER_SANITIZE_STRING is deprecated in C:\Users\Dell\Local Sites\quotation\app\public\wp-content\plugins\duplicator-pro\src\Core\Controllers\ControllersManager.php on line 126
[14-Nov-2025 03:27:17 UTC] PHP Notice:  Function _load_textdomain_just_in_time was called <strong>incorrectly</strong>. Translation loading for the <code>fl-builder</code> domain was triggered too early. This is usually an indicator for some code in the plugin or theme running too early. Translations should be loaded at the <code>init</code> action or later. Please see <a href="https://developer.wordpress.org/advanced-administration/debug/debug-wordpress/">Debugging in WordPress</a> for more information. (This message was added in version 6.7.0.) in C:\Users\Dell\Local Sites\quotation\app\public\wp-includes\functions.php on line 6121
[14-Nov-2025 03:27:17 UTC] PHP Deprecated:  Return type of DUP_PRO_DB_Build_Iterator::current() should either be compatible with Iterator::current(): mixed, or the #[\ReturnTypeWillChange] attribute should be used to temporarily suppress the notice in C:\Users\Dell\Local Sites\quotation\app\public\wp-content\plugins\duplicator-pro\classes\package\class.pack.database.build.iterator.php on line 378
[14-Nov-2025 03:27:17 UTC] PHP Deprecated:  Return type of DUP_PRO_DB_Build_Iterator::next() should either be compatible with Iterator::next(): void, or the #[\ReturnTypeWillChange] attribute should be used to temporarily suppress the notice in C:\Users\Dell\Local Sites\quotation\app\public\wp-content\plugins\duplicator-pro\classes\package\class.pack.database.build.iterator.php on line 290
[14-Nov-2025 03:27:17 UTC] PHP Deprecated:  Return type of DUP_PRO_DB_Build_Iterator::key() should either be compatible with Iterator::key(): mixed, or the #[\ReturnTypeWillChange] attribute should be used to temporarily suppress the notice in C:\Users\Dell\Local Sites\quotation\app\public\wp-content\plugins\duplicator-pro\classes\package\class.pack.database.build.iterator.php on line 441
[14-Nov-2025 03:27:17 UTC] PHP Deprecated:  Return type of DUP_PRO_DB_Build_Iterator::valid() should either be compatible with Iterator::valid(): bool, or the #[\ReturnTypeWillChange] attribute should be used to temporarily suppress the notice in C:\Users\Dell\Local Sites\quotation\app\public\wp-content\plugins\duplicator-pro\classes\package\class.pack.database.build.iterator.php on line 369
[14-Nov-2025 03:27:17 UTC] PHP Deprecated:  Return type of DUP_PRO_DB_Build_Iterator::rewind() should either be compatible with Iterator::rewind(): void, or the #[\ReturnTypeWillChange] attribute should be used to temporarily suppress the notice in C:\Users\Dell\Local Sites\quotation\app\public\wp-content\plugins\duplicator-pro\classes\package\class.pack.database.build.iterator.php on line 227
[14-Nov-2025 03:27:17 UTC] PHP Deprecated:  Creation of dynamic property UpdraftPlus_Addon_Reporting::$log_ident is deprecated in C:\Users\Dell\Local Sites\quotation\app\public\wp-content\plugins\updraftplus\addons\reporting.php on line 49
[14-Nov-2025 03:27:17 UTC] PHP Deprecated:  Creation of dynamic property UpdraftPlus_Addon_Reporting::$log_facility is deprecated in C:\Users\Dell\Local Sites\quotation\app\public\wp-content\plugins\updraftplus\addons\reporting.php on line 50
[14-Nov-2025 03:27:17 UTC] PHP Deprecated:  Creation of dynamic property UpdraftPlusAddons2::$plugin_file is deprecated in C:\Users\Dell\Local Sites\quotation\app\public\wp-content\plugins\updraftplus\udaddons\updraftplus-addons.php on line 70
[14-Nov-2025 03:27:17 UTC] PHP Notice:  Function _load_textdomain_just_in_time was called <strong>incorrectly</strong>. Translation loading for the <code>wp-migrate-db</code> domain was triggered too early. This is usually an indicator for some code in the plugin or theme running too early. Translations should be loaded at the <code>init</code> action or later. Please see <a href="https://developer.wordpress.org/advanced-administration/debug/debug-wordpress/">Debugging in WordPress</a> for more information. (This message was added in version 6.7.0.) in C:\Users\Dell\Local Sites\quotation\app\public\wp-includes\functions.php on line 6121
[14-Nov-2025 03:27:17 UTC] PHP Deprecated:  Creation of dynamic property DUP_PRO_Global_Entity::$notices is deprecated in C:\Users\Dell\Local Sites\quotation\app\public\wp-content\plugins\duplicator-pro\classes\entities\class.json.entity.base.php on line 264
[14-Nov-2025 03:27:17 UTC] PHP Notice:  Function _load_textdomain_just_in_time was called <strong>incorrectly</strong>. Translation loading for the <code>updraftplus</code> domain was triggered too early. This is usually an indicator for some code in the plugin or theme running too early. Translations should be loaded at the <code>init</code> action or later. Please see <a href="https://developer.wordpress.org/advanced-administration/debug/debug-wordpress/">Debugging in WordPress</a> for more information. (This message was added in version 6.7.0.) in C:\Users\Dell\Local Sites\quotation\app\public\wp-includes\functions.php on line 6121
[14-Nov-2025 03:27:17 UTC] PHP Deprecated:  Creation of dynamic property UpdraftPlus_Addon_CloudFilesEnhanced::$title is deprecated in C:\Users\Dell\Local Sites\quotation\app\public\wp-content\plugins\updraftplus\addons\cloudfiles-enhanced.php on line 37
[14-Nov-2025 03:27:17 UTC] PHP Deprecated:  Creation of dynamic property UpdraftPlus_Addon_CloudFilesEnhanced::$description is deprecated in C:\Users\Dell\Local Sites\quotation\app\public\wp-content\plugins\updraftplus\addons\cloudfiles-enhanced.php on line 38
[14-Nov-2025 03:27:17 UTC] PHP Notice:  Function _load_textdomain_just_in_time was called <strong>incorrectly</strong>. Translation loading for the <code>updraftplus</code> domain was triggered too early. This is usually an indicator for some code in the plugin or theme running too early. Translations should be loaded at the <code>init</code> action or later. Please see <a href="https://developer.wordpress.org/advanced-administration/debug/debug-wordpress/">Debugging in WordPress</a> for more information. (This message was added in version 6.7.0.) in C:\Users\Dell\Local Sites\quotation\app\public\wp-includes\functions.php on line 6121
[14-Nov-2025 03:27:17 UTC] PHP Notice:  Function _load_textdomain_just_in_time was called <strong>incorrectly</strong>. Translation loading for the <code>astra</code> domain was triggered too early. This is usually an indicator for some code in the plugin or theme running too early. Translations should be loaded at the <code>init</code> action or later. Please see <a href="https://developer.wordpress.org/advanced-administration/debug/debug-wordpress/">Debugging in WordPress</a> for more information. (This message was added in version 6.7.0.) in C:\Users\Dell\Local Sites\quotation\app\public\wp-includes\functions.php on line 6121
[14-Nov-2025 03:27:17 UTC] PHP Deprecated:  Creation of dynamic property Puc_v4p11_Plugin_Update::$x-spm-subscription-active is deprecated in C:\Users\Dell\Local Sites\quotation\app\public\wp-content\plugins\updraftplus\vendor\yahnis-elsts\plugin-update-checker\Puc\v4p11\Metadata.php on line 111
[14-Nov-2025 03:27:17 UTC] PHP Deprecated:  Creation of dynamic property UpdraftPlusAddons2::$options is deprecated in C:\Users\Dell\Local Sites\quotation\app\public\wp-content\plugins\updraftplus\udaddons\updraftplus-addons.php on line 362
[14-Nov-2025 03:27:17 UTC] PHP Deprecated:  strpos(): Passing null to parameter #1 ($haystack) of type string is deprecated in C:\Users\Dell\Local Sites\quotation\app\public\wp-includes\functions.php on line 7360
[14-Nov-2025 03:27:17 UTC] PHP Deprecated:  str_replace(): Passing null to parameter #3 ($subject) of type array|string is deprecated in C:\Users\Dell\Local Sites\quotation\app\public\wp-includes\functions.php on line 2195
[14-Nov-2025 03:27:17 UTC] PHP Deprecated:  Creation of dynamic property LOGINPRESS_PRO_SL_Plugin_Updater::$beta is deprecated in C:\Users\Dell\Local Sites\quotation\app\public\wp-content\plugins\loginpress-pro\lib\LOGINPRESS_PRO_SL_Plugin_Updater.php on line 42
[14-Nov-2025 03:27:17 UTC] PHP Deprecated:  Creation of dynamic property UpdraftPlus_Addon_LockAdmin::$opts is deprecated in C:\Users\Dell\Local Sites\quotation\app\public\wp-content\plugins\updraftplus\addons\lockadmin.php on line 73
[14-Nov-2025 03:27:17 UTC] PHP Deprecated:  Constant FILTER_SANITIZE_STRING is deprecated in C:\Users\Dell\Local Sites\quotation\app\public\wp-content\plugins\duplicator-pro\src\Core\Controllers\AbstractSinglePageController.php on line 177
[14-Nov-2025 03:27:17 UTC] PHP Deprecated:  filter_input(): Passing null to parameter #4 ($options) of type array|int is deprecated in C:\Users\Dell\Local Sites\quotation\app\public\wp-content\plugins\duplicator-pro\src\Libs\Snap\SnapUtil.php on line 360
[14-Nov-2025 03:27:17 UTC] PHP Deprecated:  Constant FILTER_SANITIZE_STRING is deprecated in C:\Users\Dell\Local Sites\quotation\app\public\wp-content\plugins\duplicator-pro\src\Core\Controllers\AbstractSinglePageController.php on line 177
[14-Nov-2025 03:27:17 UTC] PHP Deprecated:  filter_input(): Passing null to parameter #4 ($options) of type array|int is deprecated in C:\Users\Dell\Local Sites\quotation\app\public\wp-content\plugins\duplicator-pro\src\Libs\Snap\SnapUtil.php on line 360
[14-Nov-2025 03:27:17 UTC] PHP Deprecated:  Constant FILTER_SANITIZE_STRING is deprecated in C:\Users\Dell\Local Sites\quotation\app\public\wp-content\plugins\duplicator-pro\src\Core\Controllers\AbstractSinglePageController.php on line 177
[14-Nov-2025 03:27:17 UTC] PHP Deprecated:  filter_input(): Passing null to parameter #4 ($options) of type array|int is deprecated in C:\Users\Dell\Local Sites\quotation\app\public\wp-content\plugins\duplicator-pro\src\Libs\Snap\SnapUtil.php on line 360
[14-Nov-2025 03:27:17 UTC] PHP Deprecated:  Constant FILTER_SANITIZE_STRING is deprecated in C:\Users\Dell\Local Sites\quotation\app\public\wp-content\plugins\duplicator-pro\src\Core\Controllers\AbstractSinglePageController.php on line 177
[14-Nov-2025 03:27:17 UTC] PHP Deprecated:  filter_input(): Passing null to parameter #4 ($options) of type array|int is deprecated in C:\Users\Dell\Local Sites\quotation\app\public\wp-content\plugins\duplicator-pro\src\Libs\Snap\SnapUtil.php on line 360
[14-Nov-2025 03:27:17 UTC] PHP Deprecated:  Constant FILTER_SANITIZE_STRING is deprecated in C:\Users\Dell\Local Sites\quotation\app\public\wp-content\plugins\duplicator-pro\src\Core\Controllers\AbstractSinglePageController.php on line 177
[14-Nov-2025 03:27:17 UTC] PHP Deprecated:  filter_input(): Passing null to parameter #4 ($options) of type array|int is deprecated in C:\Users\Dell\Local Sites\quotation\app\public\wp-content\plugins\duplicator-pro\src\Libs\Snap\SnapUtil.php on line 360
[14-Nov-2025 03:27:17 UTC] PHP Deprecated:  Constant FILTER_SANITIZE_STRING is deprecated in C:\Users\Dell\Local Sites\quotation\app\public\wp-content\plugins\duplicator-pro\src\Core\Controllers\AbstractSinglePageController.php on line 177
[14-Nov-2025 03:27:17 UTC] PHP Deprecated:  filter_input(): Passing null to parameter #4 ($options) of type array|int is deprecated in C:\Users\Dell\Local Sites\quotation\app\public\wp-content\plugins\duplicator-pro\src\Libs\Snap\SnapUtil.php on line 360
[14-Nov-2025 03:27:17 UTC] PHP Deprecated:  Constant FILTER_SANITIZE_STRING is deprecated in C:\Users\Dell\Local Sites\quotation\app\public\wp-content\plugins\duplicator-pro\src\Core\Controllers\AbstractSinglePageController.php on line 177
[14-Nov-2025 03:27:17 UTC] PHP Deprecated:  filter_input(): Passing null to parameter #4 ($options) of type array|int is deprecated in C:\Users\Dell\Local Sites\quotation\app\public\wp-content\plugins\duplicator-pro\src\Libs\Snap\SnapUtil.php on line 360
[14-Nov-2025 03:27:17 UTC] PHP Deprecated:  Constant FILTER_SANITIZE_STRING is deprecated in C:\Users\Dell\Local Sites\quotation\app\public\wp-content\plugins\duplicator-pro\src\Core\Controllers\AbstractSinglePageController.php on line 177
[14-Nov-2025 03:27:17 UTC] PHP Deprecated:  filter_input(): Passing null to parameter #4 ($options) of type array|int is deprecated in C:\Users\Dell\Local Sites\quotation\app\public\wp-content\plugins\duplicator-pro\src\Libs\Snap\SnapUtil.php on line 360
[14-Nov-2025 03:27:17 UTC] PHP Deprecated:  Constant FILTER_SANITIZE_STRING is deprecated in C:\Users\Dell\Local Sites\quotation\app\public\wp-content\plugins\duplicator-pro\src\Core\Controllers\ControllersManager.php on line 114
[14-Nov-2025 03:27:17 UTC] PHP Deprecated:  Constant FILTER_SANITIZE_STRING is deprecated in C:\Users\Dell\Local Sites\quotation\app\public\wp-content\plugins\duplicator-pro\src\Core\Controllers\ControllersManager.php on line 120
[14-Nov-2025 03:27:17 UTC] PHP Deprecated:  Constant FILTER_SANITIZE_STRING is deprecated in C:\Users\Dell\Local Sites\quotation\app\public\wp-content\plugins\duplicator-pro\src\Core\Controllers\ControllersManager.php on line 126
[14-Nov-2025 03:27:17 UTC] PHP Deprecated:  Constant FILTER_SANITIZE_STRING is deprecated in C:\Users\Dell\Local Sites\quotation\app\public\wp-content\plugins\duplicator-pro\src\Core\Controllers\ControllersManager.php on line 114
[14-Nov-2025 03:27:17 UTC] PHP Deprecated:  Constant FILTER_SANITIZE_STRING is deprecated in C:\Users\Dell\Local Sites\quotation\app\public\wp-content\plugins\duplicator-pro\src\Core\Controllers\ControllersManager.php on line 120
[14-Nov-2025 03:27:17 UTC] PHP Deprecated:  Constant FILTER_SANITIZE_STRING is deprecated in C:\Users\Dell\Local Sites\quotation\app\public\wp-content\plugins\duplicator-pro\src\Core\Controllers\ControllersManager.php on line 126
[14-Nov-2025 03:27:17 UTC] PHP Deprecated:  Constant FILTER_SANITIZE_STRING is deprecated in C:\Users\Dell\Local Sites\quotation\app\public\wp-content\plugins\duplicator-pro\src\Core\Controllers\ControllersManager.php on line 114
[14-Nov-2025 03:27:17 UTC] PHP Deprecated:  Constant FILTER_SANITIZE_STRING is deprecated in C:\Users\Dell\Local Sites\quotation\app\public\wp-content\plugins\duplicator-pro\src\Core\Controllers\ControllersManager.php on line 120
[14-Nov-2025 03:27:17 UTC] PHP Deprecated:  Constant FILTER_SANITIZE_STRING is deprecated in C:\Users\Dell\Local Sites\quotation\app\public\wp-content\plugins\duplicator-pro\src\Core\Controllers\ControllersManager.php on line 126
[14-Nov-2025 03:27:17 UTC] PHP Deprecated:  Constant FILTER_SANITIZE_STRING is deprecated in C:\Users\Dell\Local Sites\quotation\app\public\wp-content\plugins\duplicator-pro\src\Core\Controllers\ControllersManager.php on line 114
[14-Nov-2025 03:27:17 UTC] PHP Deprecated:  Constant FILTER_SANITIZE_STRING is deprecated in C:\Users\Dell\Local Sites\quotation\app\public\wp-content\plugins\duplicator-pro\src\Core\Controllers\ControllersManager.php on line 120
[14-Nov-2025 03:27:17 UTC] PHP Deprecated:  Constant FILTER_SANITIZE_STRING is deprecated in C:\Users\Dell\Local Sites\quotation\app\public\wp-content\plugins\duplicator-pro\src\Core\Controllers\ControllersManager.php on line 126
[14-Nov-2025 03:27:17 UTC] PHP Deprecated:  Constant FILTER_SANITIZE_STRING is deprecated in C:\Users\Dell\Local Sites\quotation\app\public\wp-content\plugins\duplicator-pro\src\Core\Controllers\ControllersManager.php on line 114
[14-Nov-2025 03:27:17 UTC] PHP Deprecated:  Constant FILTER_SANITIZE_STRING is deprecated in C:\Users\Dell\Local Sites\quotation\app\public\wp-content\plugins\duplicator-pro\src\Core\Controllers\ControllersManager.php on line 120
[14-Nov-2025 03:27:17 UTC] PHP Deprecated:  Constant FILTER_SANITIZE_STRING is deprecated in C:\Users\Dell\Local Sites\quotation\app\public\wp-content\plugins\duplicator-pro\src\Core\Controllers\ControllersManager.php on line 126
[14-Nov-2025 03:27:17 UTC] PHP Deprecated:  Constant FILTER_SANITIZE_STRING is deprecated in C:\Users\Dell\Local Sites\quotation\app\public\wp-content\plugins\duplicator-pro\src\Core\Controllers\ControllersManager.php on line 114
[14-Nov-2025 03:27:17 UTC] PHP Deprecated:  Constant FILTER_SANITIZE_STRING is deprecated in C:\Users\Dell\Local Sites\quotation\app\public\wp-content\plugins\duplicator-pro\src\Core\Controllers\ControllersManager.php on line 120
[14-Nov-2025 03:27:17 UTC] PHP Deprecated:  Constant FILTER_SANITIZE_STRING is deprecated in C:\Users\Dell\Local Sites\quotation\app\public\wp-content\plugins\duplicator-pro\src\Core\Controllers\ControllersManager.php on line 126
[14-Nov-2025 03:27:17 UTC] PHP Deprecated:  Constant FILTER_SANITIZE_STRING is deprecated in C:\Users\Dell\Local Sites\quotation\app\public\wp-content\plugins\duplicator-pro\src\Core\Controllers\ControllersManager.php on line 114
[14-Nov-2025 03:27:17 UTC] PHP Deprecated:  Constant FILTER_SANITIZE_STRING is deprecated in C:\Users\Dell\Local Sites\quotation\app\public\wp-content\plugins\duplicator-pro\src\Core\Controllers\ControllersManager.php on line 120
[14-Nov-2025 03:27:17 UTC] PHP Deprecated:  Constant FILTER_SANITIZE_STRING is deprecated in C:\Users\Dell\Local Sites\quotation\app\public\wp-content\plugins\duplicator-pro\src\Core\Controllers\ControllersManager.php on line 126
[14-Nov-2025 03:27:17 UTC] PHP Deprecated:  Constant FILTER_SANITIZE_STRING is deprecated in C:\Users\Dell\Local Sites\quotation\app\public\wp-content\plugins\duplicator-pro\src\Core\Controllers\ControllersManager.php on line 114
[14-Nov-2025 03:27:17 UTC] PHP Deprecated:  Constant FILTER_SANITIZE_STRING is deprecated in C:\Users\Dell\Local Sites\quotation\app\public\wp-content\plugins\duplicator-pro\src\Core\Controllers\ControllersManager.php on line 120
[14-Nov-2025 03:27:17 UTC] PHP Deprecated:  Constant FILTER_SANITIZE_STRING is deprecated in C:\Users\Dell\Local Sites\quotation\app\public\wp-content\plugins\duplicator-pro\src\Core\Controllers\ControllersManager.php on line 126
[14-Nov-2025 03:27:17 UTC] PHP Deprecated:  Constant FILTER_SANITIZE_STRING is deprecated in C:\Users\Dell\Local Sites\quotation\app\public\wp-content\plugins\duplicator-pro\src\Core\Controllers\ControllersManager.php on line 114
[14-Nov-2025 03:27:17 UTC] PHP Deprecated:  Constant FILTER_SANITIZE_STRING is deprecated in C:\Users\Dell\Local Sites\quotation\app\public\wp-content\plugins\duplicator-pro\src\Core\Controllers\ControllersManager.php on line 120
[14-Nov-2025 03:27:17 UTC] PHP Deprecated:  Constant FILTER_SANITIZE_STRING is deprecated in C:\Users\Dell\Local Sites\quotation\app\public\wp-content\plugins\duplicator-pro\src\Core\Controllers\ControllersManager.php on line 126
[14-Nov-2025 03:27:17 UTC] PHP Deprecated:  Constant FILTER_SANITIZE_STRING is deprecated in C:\Users\Dell\Local Sites\quotation\app\public\wp-content\plugins\duplicator-pro\src\Core\Controllers\ControllersManager.php on line 114
[14-Nov-2025 03:27:17 UTC] PHP Deprecated:  Constant FILTER_SANITIZE_STRING is deprecated in C:\Users\Dell\Local Sites\quotation\app\public\wp-content\plugins\duplicator-pro\src\Core\Controllers\ControllersManager.php on line 120
[14-Nov-2025 03:27:17 UTC] PHP Deprecated:  Constant FILTER_SANITIZE_STRING is deprecated in C:\Users\Dell\Local Sites\quotation\app\public\wp-content\plugins\duplicator-pro\src\Core\Controllers\ControllersManager.php on line 126
[14-Nov-2025 03:27:17 UTC] PHP Deprecated:  Constant FILTER_SANITIZE_STRING is deprecated in C:\Users\Dell\Local Sites\quotation\app\public\wp-content\plugins\duplicator-pro\src\Core\Controllers\ControllersManager.php on line 114
[14-Nov-2025 03:27:17 UTC] PHP Deprecated:  Constant FILTER_SANITIZE_STRING is deprecated in C:\Users\Dell\Local Sites\quotation\app\public\wp-content\plugins\duplicator-pro\src\Core\Controllers\ControllersManager.php on line 120
[14-Nov-2025 03:27:17 UTC] PHP Deprecated:  Constant FILTER_SANITIZE_STRING is deprecated in C:\Users\Dell\Local Sites\quotation\app\public\wp-content\plugins\duplicator-pro\src\Core\Controllers\ControllersManager.php on line 126
[14-Nov-2025 03:27:17 UTC] PHP Deprecated:  Constant FILTER_SANITIZE_STRING is deprecated in C:\Users\Dell\Local Sites\quotation\app\public\wp-content\plugins\duplicator-pro\src\Core\Controllers\ControllersManager.php on line 114
[14-Nov-2025 03:27:17 UTC] PHP Deprecated:  Constant FILTER_SANITIZE_STRING is deprecated in C:\Users\Dell\Local Sites\quotation\app\public\wp-content\plugins\duplicator-pro\src\Core\Controllers\ControllersManager.php on line 120
[14-Nov-2025 03:27:17 UTC] PHP Deprecated:  Constant FILTER_SANITIZE_STRING is deprecated in C:\Users\Dell\Local Sites\quotation\app\public\wp-content\plugins\duplicator-pro\src\Core\Controllers\ControllersManager.php on line 126
[14-Nov-2025 03:27:18 UTC] PHP Deprecated:  Constant FILTER_SANITIZE_STRING is deprecated in C:\Users\Dell\Local Sites\quotation\app\public\wp-content\plugins\duplicator-pro\src\Core\Controllers\ControllersManager.php on line 114
[14-Nov-2025 03:27:18 UTC] PHP Deprecated:  Constant FILTER_SANITIZE_STRING is deprecated in C:\Users\Dell\Local Sites\quotation\app\public\wp-content\plugins\duplicator-pro\src\Core\Controllers\ControllersManager.php on line 120
[14-Nov-2025 03:27:18 UTC] PHP Deprecated:  Constant FILTER_SANITIZE_STRING is deprecated in C:\Users\Dell\Local Sites\quotation\app\public\wp-content\plugins\duplicator-pro\src\Core\Controllers\ControllersManager.php on line 126
[14-Nov-2025 03:27:18 UTC] PHP Deprecated:  Constant FILTER_SANITIZE_STRING is deprecated in C:\Users\Dell\Local Sites\quotation\app\public\wp-content\plugins\duplicator-pro\src\Core\Controllers\ControllersManager.php on line 114
[14-Nov-2025 03:27:18 UTC] PHP Deprecated:  Constant FILTER_SANITIZE_STRING is deprecated in C:\Users\Dell\Local Sites\quotation\app\public\wp-content\plugins\duplicator-pro\src\Core\Controllers\ControllersManager.php on line 120
[14-Nov-2025 03:27:18 UTC] PHP Deprecated:  Constant FILTER_SANITIZE_STRING is deprecated in C:\Users\Dell\Local Sites\quotation\app\public\wp-content\plugins\duplicator-pro\src\Core\Controllers\ControllersManager.php on line 126
[14-Nov-2025 03:27:18 UTC] PHP Deprecated:  Constant FILTER_SANITIZE_STRING is deprecated in C:\Users\Dell\Local Sites\quotation\app\public\wp-content\plugins\duplicator-pro\src\Core\Controllers\ControllersManager.php on line 114
[14-Nov-2025 03:27:18 UTC] PHP Deprecated:  Constant FILTER_SANITIZE_STRING is deprecated in C:\Users\Dell\Local Sites\quotation\app\public\wp-content\plugins\duplicator-pro\src\Core\Controllers\ControllersManager.php on line 120
[14-Nov-2025 03:27:18 UTC] PHP Deprecated:  Constant FILTER_SANITIZE_STRING is deprecated in C:\Users\Dell\Local Sites\quotation\app\public\wp-content\plugins\duplicator-pro\src\Core\Controllers\ControllersManager.php on line 126
[14-Nov-2025 03:27:18 UTC] PHP Deprecated:  Constant FILTER_SANITIZE_STRING is deprecated in C:\Users\Dell\Local Sites\quotation\app\public\wp-content\plugins\duplicator-pro\src\Core\Controllers\ControllersManager.php on line 114
[14-Nov-2025 03:27:18 UTC] PHP Deprecated:  Constant FILTER_SANITIZE_STRING is deprecated in C:\Users\Dell\Local Sites\quotation\app\public\wp-content\plugins\duplicator-pro\src\Core\Controllers\ControllersManager.php on line 120
[14-Nov-2025 03:27:18 UTC] PHP Deprecated:  Constant FILTER_SANITIZE_STRING is deprecated in C:\Users\Dell\Local Sites\quotation\app\public\wp-content\plugins\duplicator-pro\src\Core\Controllers\ControllersManager.php on line 126
[14-Nov-2025 03:27:18 UTC] PHP Deprecated:  Constant FILTER_SANITIZE_STRING is deprecated in C:\Users\Dell\Local Sites\quotation\app\public\wp-content\plugins\duplicator-pro\src\Core\Controllers\ControllersManager.php on line 114
[14-Nov-2025 03:27:18 UTC] PHP Deprecated:  Constant FILTER_SANITIZE_STRING is deprecated in C:\Users\Dell\Local Sites\quotation\app\public\wp-content\plugins\duplicator-pro\src\Core\Controllers\ControllersManager.php on line 120
[14-Nov-2025 03:27:18 UTC] PHP Deprecated:  Constant FILTER_SANITIZE_STRING is deprecated in C:\Users\Dell\Local Sites\quotation\app\public\wp-content\plugins\duplicator-pro\src\Core\Controllers\ControllersManager.php on line 126
[14-Nov-2025 03:27:18 UTC] PHP Deprecated:  Constant FILTER_SANITIZE_STRING is deprecated in C:\Users\Dell\Local Sites\quotation\app\public\wp-content\plugins\duplicator-pro\src\Core\Controllers\ControllersManager.php on line 114
[14-Nov-2025 03:27:18 UTC] PHP Deprecated:  Constant FILTER_SANITIZE_STRING is deprecated in C:\Users\Dell\Local Sites\quotation\app\public\wp-content\plugins\duplicator-pro\src\Core\Controllers\ControllersManager.php on line 120
[14-Nov-2025 03:27:18 UTC] PHP Deprecated:  Constant FILTER_SANITIZE_STRING is deprecated in C:\Users\Dell\Local Sites\quotation\app\public\wp-content\plugins\duplicator-pro\src\Core\Controllers\ControllersManager.php on line 126
[14-Nov-2025 03:27:18 UTC] PHP Deprecated:  Constant FILTER_SANITIZE_STRING is deprecated in C:\Users\Dell\Local Sites\quotation\app\public\wp-content\plugins\duplicator-pro\src\Core\Controllers\ControllersManager.php on line 114
[14-Nov-2025 03:27:18 UTC] PHP Deprecated:  Constant FILTER_SANITIZE_STRING is deprecated in C:\Users\Dell\Local Sites\quotation\app\public\wp-content\plugins\duplicator-pro\src\Core\Controllers\ControllersManager.php on line 120
[14-Nov-2025 03:27:18 UTC] PHP Deprecated:  Constant FILTER_SANITIZE_STRING is deprecated in C:\Users\Dell\Local Sites\quotation\app\public\wp-content\plugins\duplicator-pro\src\Core\Controllers\ControllersManager.php on line 126
[14-Nov-2025 03:27:18 UTC] PHP Deprecated:  Constant FILTER_SANITIZE_STRING is deprecated in C:\Users\Dell\Local Sites\quotation\app\public\wp-content\plugins\duplicator-pro\src\Core\Controllers\ControllersManager.php on line 114
[14-Nov-2025 03:27:18 UTC] PHP Deprecated:  Constant FILTER_SANITIZE_STRING is deprecated in C:\Users\Dell\Local Sites\quotation\app\public\wp-content\plugins\duplicator-pro\src\Core\Controllers\ControllersManager.php on line 120
[14-Nov-2025 03:27:18 UTC] PHP Deprecated:  Constant FILTER_SANITIZE_STRING is deprecated in C:\Users\Dell\Local Sites\quotation\app\public\wp-content\plugins\duplicator-pro\src\Core\Controllers\ControllersManager.php on line 126
[14-Nov-2025 03:27:18 UTC] PHP Deprecated:  Creation of dynamic property UpdraftPlus_BackupModule_onedrive::$test_button is deprecated in C:\Users\Dell\Local Sites\quotation\app\public\wp-content\plugins\updraftplus\methods\addon-base-v2.php on line 41
[14-Nov-2025 03:27:18 UTC] PHP Deprecated:  Creation of dynamic property UpdraftPlus_BackupModule_azure::$test_button is deprecated in C:\Users\Dell\Local Sites\quotation\app\public\wp-content\plugins\updraftplus\methods\addon-base-v2.php on line 41
[14-Nov-2025 03:27:18 UTC] PHP Deprecated:  Creation of dynamic property UpdraftPlus_BackupModule_sftp::$test_button is deprecated in C:\Users\Dell\Local Sites\quotation\app\public\wp-content\plugins\updraftplus\methods\addon-base-v2.php on line 41
[14-Nov-2025 03:27:18 UTC] PHP Deprecated:  Creation of dynamic property UpdraftPlus_BackupModule_googlecloud::$test_button is deprecated in C:\Users\Dell\Local Sites\quotation\app\public\wp-content\plugins\updraftplus\methods\addon-base-v2.php on line 41
[14-Nov-2025 03:27:18 UTC] PHP Deprecated:  Creation of dynamic property UpdraftPlus_BackupModule_backblaze::$test_button is deprecated in C:\Users\Dell\Local Sites\quotation\app\public\wp-content\plugins\updraftplus\methods\addon-base-v2.php on line 41
[14-Nov-2025 03:27:18 UTC] PHP Deprecated:  Creation of dynamic property UpdraftPlus_BackupModule_webdav::$is_supress_initial_remote_404_log is deprecated in C:\Users\Dell\Local Sites\quotation\app\public\wp-content\plugins\updraftplus\addons\webdav.php on line 171
[14-Nov-2025 03:27:18 UTC] PHP Deprecated:  Creation of dynamic property UpdraftPlus_BackupModule_webdav::$desc is deprecated in C:\Users\Dell\Local Sites\quotation\app\public\wp-content\plugins\updraftplus\addons\webdav.php on line 173
[14-Nov-2025 03:27:18 UTC] PHP Deprecated:  Creation of dynamic property UpdraftPlus_BackupModule_updraftvault::$vault_in_config_print is deprecated in C:\Users\Dell\Local Sites\quotation\app\public\wp-content\plugins\updraftplus\methods\updraftvault.php on line 335
[14-Nov-2025 03:27:18 UTC] PHP Deprecated:  urldecode(): Passing null to parameter #1 ($string) of type string is deprecated in C:\Users\Dell\Local Sites\quotation\app\public\wp-content\plugins\updraftplus\addons\webdav.php on line 447
[14-Nov-2025 03:27:18 UTC] PHP Deprecated:  urldecode(): Passing null to parameter #1 ($string) of type string is deprecated in C:\Users\Dell\Local Sites\quotation\app\public\wp-content\plugins\updraftplus\addons\webdav.php on line 448
[14-Nov-2025 03:27:18 UTC] PHP Deprecated:  urldecode(): Passing null to parameter #1 ($string) of type string is deprecated in C:\Users\Dell\Local Sites\quotation\app\public\wp-content\plugins\updraftplus\addons\webdav.php on line 449
[14-Nov-2025 03:27:18 UTC] PHP Deprecated:  urldecode(): Passing null to parameter #1 ($string) of type string is deprecated in C:\Users\Dell\Local Sites\quotation\app\public\wp-content\plugins\updraftplus\addons\webdav.php on line 447
[14-Nov-2025 03:27:18 UTC] PHP Deprecated:  urldecode(): Passing null to parameter #1 ($string) of type string is deprecated in C:\Users\Dell\Local Sites\quotation\app\public\wp-content\plugins\updraftplus\addons\webdav.php on line 448
[14-Nov-2025 03:27:18 UTC] PHP Deprecated:  urldecode(): Passing null to parameter #1 ($string) of type string is deprecated in C:\Users\Dell\Local Sites\quotation\app\public\wp-content\plugins\updraftplus\addons\webdav.php on line 449
[14-Nov-2025 03:27:19 UTC] PHP Notice:  Function _load_textdomain_just_in_time was called <strong>incorrectly</strong>. Translation loading for the <code>fl-builder</code> domain was triggered too early. This is usually an indicator for some code in the plugin or theme running too early. Translations should be loaded at the <code>init</code> action or later. Please see <a href="https://developer.wordpress.org/advanced-administration/debug/debug-wordpress/">Debugging in WordPress</a> for more information. (This message was added in version 6.7.0.) in C:\Users\Dell\Local Sites\quotation\app\public\wp-includes\functions.php on line 6121
[14-Nov-2025 03:27:19 UTC] PHP Deprecated:  Return type of DUP_PRO_DB_Build_Iterator::current() should either be compatible with Iterator::current(): mixed, or the #[\ReturnTypeWillChange] attribute should be used to temporarily suppress the notice in C:\Users\Dell\Local Sites\quotation\app\public\wp-content\plugins\duplicator-pro\classes\package\class.pack.database.build.iterator.php on line 378
[14-Nov-2025 03:27:19 UTC] PHP Deprecated:  Return type of DUP_PRO_DB_Build_Iterator::next() should either be compatible with Iterator::next(): void, or the #[\ReturnTypeWillChange] attribute should be used to temporarily suppress the notice in C:\Users\Dell\Local Sites\quotation\app\public\wp-content\plugins\duplicator-pro\classes\package\class.pack.database.build.iterator.php on line 290
[14-Nov-2025 03:27:19 UTC] PHP Deprecated:  Return type of DUP_PRO_DB_Build_Iterator::key() should either be compatible with Iterator::key(): mixed, or the #[\ReturnTypeWillChange] attribute should be used to temporarily suppress the notice in C:\Users\Dell\Local Sites\quotation\app\public\wp-content\plugins\duplicator-pro\classes\package\class.pack.database.build.iterator.php on line 441
[14-Nov-2025 03:27:19 UTC] PHP Deprecated:  Return type of DUP_PRO_DB_Build_Iterator::valid() should either be compatible with Iterator::valid(): bool, or the #[\ReturnTypeWillChange] attribute should be used to temporarily suppress the notice in C:\Users\Dell\Local Sites\quotation\app\public\wp-content\plugins\duplicator-pro\classes\package\class.pack.database.build.iterator.php on line 369
[14-Nov-2025 03:27:19 UTC] PHP Deprecated:  Return type of DUP_PRO_DB_Build_Iterator::rewind() should either be compatible with Iterator::rewind(): void, or the #[\ReturnTypeWillChange] attribute should be used to temporarily suppress the notice in C:\Users\Dell\Local Sites\quotation\app\public\wp-content\plugins\duplicator-pro\classes\package\class.pack.database.build.iterator.php on line 227
[14-Nov-2025 03:27:19 UTC] PHP Deprecated:  Creation of dynamic property UpdraftPlus_Addon_Reporting::$log_ident is deprecated in C:\Users\Dell\Local Sites\quotation\app\public\wp-content\plugins\updraftplus\addons\reporting.php on line 49
[14-Nov-2025 03:27:19 UTC] PHP Deprecated:  Creation of dynamic property UpdraftPlus_Addon_Reporting::$log_facility is deprecated in C:\Users\Dell\Local Sites\quotation\app\public\wp-content\plugins\updraftplus\addons\reporting.php on line 50
[14-Nov-2025 03:27:19 UTC] PHP Deprecated:  Creation of dynamic property UpdraftPlusAddons2::$plugin_file is deprecated in C:\Users\Dell\Local Sites\quotation\app\public\wp-content\plugins\updraftplus\udaddons\updraftplus-addons.php on line 70
[14-Nov-2025 03:27:19 UTC] PHP Notice:  Function _load_textdomain_just_in_time was called <strong>incorrectly</strong>. Translation loading for the <code>wp-migrate-db</code> domain was triggered too early. This is usually an indicator for some code in the plugin or theme running too early. Translations should be loaded at the <code>init</code> action or later. Please see <a href="https://developer.wordpress.org/advanced-administration/debug/debug-wordpress/">Debugging in WordPress</a> for more information. (This message was added in version 6.7.0.) in C:\Users\Dell\Local Sites\quotation\app\public\wp-includes\functions.php on line 6121
[14-Nov-2025 03:27:19 UTC] PHP Deprecated:  Creation of dynamic property DUP_PRO_Global_Entity::$notices is deprecated in C:\Users\Dell\Local Sites\quotation\app\public\wp-content\plugins\duplicator-pro\classes\entities\class.json.entity.base.php on line 264
[14-Nov-2025 03:27:19 UTC] PHP Notice:  Function _load_textdomain_just_in_time was called <strong>incorrectly</strong>. Translation loading for the <code>updraftplus</code> domain was triggered too early. This is usually an indicator for some code in the plugin or theme running too early. Translations should be loaded at the <code>init</code> action or later. Please see <a href="https://developer.wordpress.org/advanced-administration/debug/debug-wordpress/">Debugging in WordPress</a> for more information. (This message was added in version 6.7.0.) in C:\Users\Dell\Local Sites\quotation\app\public\wp-includes\functions.php on line 6121
[14-Nov-2025 03:27:19 UTC] PHP Deprecated:  Creation of dynamic property UpdraftPlus_Addon_CloudFilesEnhanced::$title is deprecated in C:\Users\Dell\Local Sites\quotation\app\public\wp-content\plugins\updraftplus\addons\cloudfiles-enhanced.php on line 37
[14-Nov-2025 03:27:19 UTC] PHP Deprecated:  Creation of dynamic property UpdraftPlus_Addon_CloudFilesEnhanced::$description is deprecated in C:\Users\Dell\Local Sites\quotation\app\public\wp-content\plugins\updraftplus\addons\cloudfiles-enhanced.php on line 38
[14-Nov-2025 03:27:19 UTC] PHP Notice:  Function _load_textdomain_just_in_time was called <strong>incorrectly</strong>. Translation loading for the <code>updraftplus</code> domain was triggered too early. This is usually an indicator for some code in the plugin or theme running too early. Translations should be loaded at the <code>init</code> action or later. Please see <a href="https://developer.wordpress.org/advanced-administration/debug/debug-wordpress/">Debugging in WordPress</a> for more information. (This message was added in version 6.7.0.) in C:\Users\Dell\Local Sites\quotation\app\public\wp-includes\functions.php on line 6121
[14-Nov-2025 03:27:19 UTC] PHP Notice:  Function _load_textdomain_just_in_time was called <strong>incorrectly</strong>. Translation loading for the <code>astra</code> domain was triggered too early. This is usually an indicator for some code in the plugin or theme running too early. Translations should be loaded at the <code>init</code> action or later. Please see <a href="https://developer.wordpress.org/advanced-administration/debug/debug-wordpress/">Debugging in WordPress</a> for more information. (This message was added in version 6.7.0.) in C:\Users\Dell\Local Sites\quotation\app\public\wp-includes\functions.php on line 6121
[14-Nov-2025 03:27:19 UTC] PHP Deprecated:  Creation of dynamic property LOGINPRESS_PRO_SL_Plugin_Updater::$beta is deprecated in C:\Users\Dell\Local Sites\quotation\app\public\wp-content\plugins\loginpress-pro\lib\LOGINPRESS_PRO_SL_Plugin_Updater.php on line 42
[14-Nov-2025 03:27:19 UTC] PHP Deprecated:  Creation of dynamic property Puc_v4p11_Plugin_Update::$x-spm-subscription-active is deprecated in C:\Users\Dell\Local Sites\quotation\app\public\wp-content\plugins\updraftplus\vendor\yahnis-elsts\plugin-update-checker\Puc\v4p11\Metadata.php on line 111
[14-Nov-2025 03:27:58 UTC] PHP Notice:  Function _load_textdomain_just_in_time was called <strong>incorrectly</strong>. Translation loading for the <code>fl-builder</code> domain was triggered too early. This is usually an indicator for some code in the plugin or theme running too early. Translations should be loaded at the <code>init</code> action or later. Please see <a href="https://developer.wordpress.org/advanced-administration/debug/debug-wordpress/">Debugging in WordPress</a> for more information. (This message was added in version 6.7.0.) in C:\Users\Dell\Local Sites\quotation\app\public\wp-includes\functions.php on line 6121
[14-Nov-2025 03:27:58 UTC] PHP Deprecated:  Return type of DUP_PRO_DB_Build_Iterator::current() should either be compatible with Iterator::current(): mixed, or the #[\ReturnTypeWillChange] attribute should be used to temporarily suppress the notice in C:\Users\Dell\Local Sites\quotation\app\public\wp-content\plugins\duplicator-pro\classes\package\class.pack.database.build.iterator.php on line 378
[14-Nov-2025 03:27:58 UTC] PHP Deprecated:  Return type of DUP_PRO_DB_Build_Iterator::next() should either be compatible with Iterator::next(): void, or the #[\ReturnTypeWillChange] attribute should be used to temporarily suppress the notice in C:\Users\Dell\Local Sites\quotation\app\public\wp-content\plugins\duplicator-pro\classes\package\class.pack.database.build.iterator.php on line 290
[14-Nov-2025 03:27:58 UTC] PHP Deprecated:  Return type of DUP_PRO_DB_Build_Iterator::key() should either be compatible with Iterator::key(): mixed, or the #[\ReturnTypeWillChange] attribute should be used to temporarily suppress the notice in C:\Users\Dell\Local Sites\quotation\app\public\wp-content\plugins\duplicator-pro\classes\package\class.pack.database.build.iterator.php on line 441
[14-Nov-2025 03:27:58 UTC] PHP Deprecated:  Return type of DUP_PRO_DB_Build_Iterator::valid() should either be compatible with Iterator::valid(): bool, or the #[\ReturnTypeWillChange] attribute should be used to temporarily suppress the notice in C:\Users\Dell\Local Sites\quotation\app\public\wp-content\plugins\duplicator-pro\classes\package\class.pack.database.build.iterator.php on line 369
[14-Nov-2025 03:27:58 UTC] PHP Deprecated:  Return type of DUP_PRO_DB_Build_Iterator::rewind() should either be compatible with Iterator::rewind(): void, or the #[\ReturnTypeWillChange] attribute should be used to temporarily suppress the notice in C:\Users\Dell\Local Sites\quotation\app\public\wp-content\plugins\duplicator-pro\classes\package\class.pack.database.build.iterator.php on line 227
[14-Nov-2025 03:27:58 UTC] PHP Deprecated:  Creation of dynamic property UpdraftPlus_Addon_Reporting::$log_ident is deprecated in C:\Users\Dell\Local Sites\quotation\app\public\wp-content\plugins\updraftplus\addons\reporting.php on line 49
[14-Nov-2025 03:27:58 UTC] PHP Deprecated:  Creation of dynamic property UpdraftPlus_Addon_Reporting::$log_facility is deprecated in C:\Users\Dell\Local Sites\quotation\app\public\wp-content\plugins\updraftplus\addons\reporting.php on line 50
[14-Nov-2025 03:27:58 UTC] PHP Deprecated:  Creation of dynamic property UpdraftPlusAddons2::$plugin_file is deprecated in C:\Users\Dell\Local Sites\quotation\app\public\wp-content\plugins\updraftplus\udaddons\updraftplus-addons.php on line 70
[14-Nov-2025 03:27:58 UTC] PHP Notice:  Function _load_textdomain_just_in_time was called <strong>incorrectly</strong>. Translation loading for the <code>wp-migrate-db</code> domain was triggered too early. This is usually an indicator for some code in the plugin or theme running too early. Translations should be loaded at the <code>init</code> action or later. Please see <a href="https://developer.wordpress.org/advanced-administration/debug/debug-wordpress/">Debugging in WordPress</a> for more information. (This message was added in version 6.7.0.) in C:\Users\Dell\Local Sites\quotation\app\public\wp-includes\functions.php on line 6121
[14-Nov-2025 03:27:58 UTC] PHP Deprecated:  Creation of dynamic property DUP_PRO_Global_Entity::$notices is deprecated in C:\Users\Dell\Local Sites\quotation\app\public\wp-content\plugins\duplicator-pro\classes\entities\class.json.entity.base.php on line 264
[14-Nov-2025 03:27:58 UTC] PHP Notice:  Function _load_textdomain_just_in_time was called <strong>incorrectly</strong>. Translation loading for the <code>updraftplus</code> domain was triggered too early. This is usually an indicator for some code in the plugin or theme running too early. Translations should be loaded at the <code>init</code> action or later. Please see <a href="https://developer.wordpress.org/advanced-administration/debug/debug-wordpress/">Debugging in WordPress</a> for more information. (This message was added in version 6.7.0.) in C:\Users\Dell\Local Sites\quotation\app\public\wp-includes\functions.php on line 6121
[14-Nov-2025 03:27:58 UTC] PHP Deprecated:  Creation of dynamic property UpdraftPlus_Addon_CloudFilesEnhanced::$title is deprecated in C:\Users\Dell\Local Sites\quotation\app\public\wp-content\plugins\updraftplus\addons\cloudfiles-enhanced.php on line 37
[14-Nov-2025 03:27:58 UTC] PHP Deprecated:  Creation of dynamic property UpdraftPlus_Addon_CloudFilesEnhanced::$description is deprecated in C:\Users\Dell\Local Sites\quotation\app\public\wp-content\plugins\updraftplus\addons\cloudfiles-enhanced.php on line 38
[14-Nov-2025 03:27:58 UTC] PHP Notice:  Function _load_textdomain_just_in_time was called <strong>incorrectly</strong>. Translation loading for the <code>updraftplus</code> domain was triggered too early. This is usually an indicator for some code in the plugin or theme running too early. Translations should be loaded at the <code>init</code> action or later. Please see <a href="https://developer.wordpress.org/advanced-administration/debug/debug-wordpress/">Debugging in WordPress</a> for more information. (This message was added in version 6.7.0.) in C:\Users\Dell\Local Sites\quotation\app\public\wp-includes\functions.php on line 6121
[14-Nov-2025 03:27:58 UTC] PHP Notice:  Function _load_textdomain_just_in_time was called <strong>incorrectly</strong>. Translation loading for the <code>astra</code> domain was triggered too early. This is usually an indicator for some code in the plugin or theme running too early. Translations should be loaded at the <code>init</code> action or later. Please see <a href="https://developer.wordpress.org/advanced-administration/debug/debug-wordpress/">Debugging in WordPress</a> for more information. (This message was added in version 6.7.0.) in C:\Users\Dell\Local Sites\quotation\app\public\wp-includes\functions.php on line 6121
[14-Nov-2025 03:27:58 UTC] PHP Deprecated:  Creation of dynamic property LOGINPRESS_PRO_SL_Plugin_Updater::$beta is deprecated in C:\Users\Dell\Local Sites\quotation\app\public\wp-content\plugins\loginpress-pro\lib\LOGINPRESS_PRO_SL_Plugin_Updater.php on line 42
[14-Nov-2025 03:27:58 UTC] PHP Deprecated:  Creation of dynamic property Puc_v4p11_Plugin_Update::$x-spm-subscription-active is deprecated in C:\Users\Dell\Local Sites\quotation\app\public\wp-content\plugins\updraftplus\vendor\yahnis-elsts\plugin-update-checker\Puc\v4p11\Metadata.php on line 111
[14-Nov-2025 03:28:19 UTC] PHP Notice:  Function _load_textdomain_just_in_time was called <strong>incorrectly</strong>. Translation loading for the <code>fl-builder</code> domain was triggered too early. This is usually an indicator for some code in the plugin or theme running too early. Translations should be loaded at the <code>init</code> action or later. Please see <a href="https://developer.wordpress.org/advanced-administration/debug/debug-wordpress/">Debugging in WordPress</a> for more information. (This message was added in version 6.7.0.) in C:\Users\Dell\Local Sites\quotation\app\public\wp-includes\functions.php on line 6121
[14-Nov-2025 03:28:19 UTC] PHP Deprecated:  Return type of DUP_PRO_DB_Build_Iterator::current() should either be compatible with Iterator::current(): mixed, or the #[\ReturnTypeWillChange] attribute should be used to temporarily suppress the notice in C:\Users\Dell\Local Sites\quotation\app\public\wp-content\plugins\duplicator-pro\classes\package\class.pack.database.build.iterator.php on line 378
[14-Nov-2025 03:28:19 UTC] PHP Deprecated:  Return type of DUP_PRO_DB_Build_Iterator::next() should either be compatible with Iterator::next(): void, or the #[\ReturnTypeWillChange] attribute should be used to temporarily suppress the notice in C:\Users\Dell\Local Sites\quotation\app\public\wp-content\plugins\duplicator-pro\classes\package\class.pack.database.build.iterator.php on line 290
[14-Nov-2025 03:28:19 UTC] PHP Deprecated:  Return type of DUP_PRO_DB_Build_Iterator::key() should either be compatible with Iterator::key(): mixed, or the #[\ReturnTypeWillChange] attribute should be used to temporarily suppress the notice in C:\Users\Dell\Local Sites\quotation\app\public\wp-content\plugins\duplicator-pro\classes\package\class.pack.database.build.iterator.php on line 441
[14-Nov-2025 03:28:19 UTC] PHP Deprecated:  Return type of DUP_PRO_DB_Build_Iterator::valid() should either be compatible with Iterator::valid(): bool, or the #[\ReturnTypeWillChange] attribute should be used to temporarily suppress the notice in C:\Users\Dell\Local Sites\quotation\app\public\wp-content\plugins\duplicator-pro\classes\package\class.pack.database.build.iterator.php on line 369
[14-Nov-2025 03:28:19 UTC] PHP Deprecated:  Return type of DUP_PRO_DB_Build_Iterator::rewind() should either be compatible with Iterator::rewind(): void, or the #[\ReturnTypeWillChange] attribute should be used to temporarily suppress the notice in C:\Users\Dell\Local Sites\quotation\app\public\wp-content\plugins\duplicator-pro\classes\package\class.pack.database.build.iterator.php on line 227
[14-Nov-2025 03:28:19 UTC] PHP Deprecated:  Creation of dynamic property UpdraftPlus_Addon_Reporting::$log_ident is deprecated in C:\Users\Dell\Local Sites\quotation\app\public\wp-content\plugins\updraftplus\addons\reporting.php on line 49
[14-Nov-2025 03:28:19 UTC] PHP Deprecated:  Creation of dynamic property UpdraftPlus_Addon_Reporting::$log_facility is deprecated in C:\Users\Dell\Local Sites\quotation\app\public\wp-content\plugins\updraftplus\addons\reporting.php on line 50
[14-Nov-2025 03:28:19 UTC] PHP Deprecated:  Creation of dynamic property UpdraftPlusAddons2::$plugin_file is deprecated in C:\Users\Dell\Local Sites\quotation\app\public\wp-content\plugins\updraftplus\udaddons\updraftplus-addons.php on line 70
[14-Nov-2025 03:28:19 UTC] PHP Notice:  Function _load_textdomain_just_in_time was called <strong>incorrectly</strong>. Translation loading for the <code>wp-migrate-db</code> domain was triggered too early. This is usually an indicator for some code in the plugin or theme running too early. Translations should be loaded at the <code>init</code> action or later. Please see <a href="https://developer.wordpress.org/advanced-administration/debug/debug-wordpress/">Debugging in WordPress</a> for more information. (This message was added in version 6.7.0.) in C:\Users\Dell\Local Sites\quotation\app\public\wp-includes\functions.php on line 6121
[14-Nov-2025 03:28:19 UTC] PHP Deprecated:  Creation of dynamic property DUP_PRO_Global_Entity::$notices is deprecated in C:\Users\Dell\Local Sites\quotation\app\public\wp-content\plugins\duplicator-pro\classes\entities\class.json.entity.base.php on line 264
[14-Nov-2025 03:28:19 UTC] PHP Notice:  Function _load_textdomain_just_in_time was called <strong>incorrectly</strong>. Translation loading for the <code>updraftplus</code> domain was triggered too early. This is usually an indicator for some code in the plugin or theme running too early. Translations should be loaded at the <code>init</code> action or later. Please see <a href="https://developer.wordpress.org/advanced-administration/debug/debug-wordpress/">Debugging in WordPress</a> for more information. (This message was added in version 6.7.0.) in C:\Users\Dell\Local Sites\quotation\app\public\wp-includes\functions.php on line 6121
[14-Nov-2025 03:28:19 UTC] PHP Deprecated:  Creation of dynamic property UpdraftPlus_Addon_CloudFilesEnhanced::$title is deprecated in C:\Users\Dell\Local Sites\quotation\app\public\wp-content\plugins\updraftplus\addons\cloudfiles-enhanced.php on line 37
[14-Nov-2025 03:28:19 UTC] PHP Deprecated:  Creation of dynamic property UpdraftPlus_Addon_CloudFilesEnhanced::$description is deprecated in C:\Users\Dell\Local Sites\quotation\app\public\wp-content\plugins\updraftplus\addons\cloudfiles-enhanced.php on line 38
[14-Nov-2025 03:28:19 UTC] PHP Notice:  Function _load_textdomain_just_in_time was called <strong>incorrectly</strong>. Translation loading for the <code>updraftplus</code> domain was triggered too early. This is usually an indicator for some code in the plugin or theme running too early. Translations should be loaded at the <code>init</code> action or later. Please see <a href="https://developer.wordpress.org/advanced-administration/debug/debug-wordpress/">Debugging in WordPress</a> for more information. (This message was added in version 6.7.0.) in C:\Users\Dell\Local Sites\quotation\app\public\wp-includes\functions.php on line 6121
[14-Nov-2025 03:28:19 UTC] PHP Notice:  Function _load_textdomain_just_in_time was called <strong>incorrectly</strong>. Translation loading for the <code>astra</code> domain was triggered too early. This is usually an indicator for some code in the plugin or theme running too early. Translations should be loaded at the <code>init</code> action or later. Please see <a href="https://developer.wordpress.org/advanced-administration/debug/debug-wordpress/">Debugging in WordPress</a> for more information. (This message was added in version 6.7.0.) in C:\Users\Dell\Local Sites\quotation\app\public\wp-includes\functions.php on line 6121
[14-Nov-2025 03:28:19 UTC] PHP Deprecated:  Creation of dynamic property LOGINPRESS_PRO_SL_Plugin_Updater::$beta is deprecated in C:\Users\Dell\Local Sites\quotation\app\public\wp-content\plugins\loginpress-pro\lib\LOGINPRESS_PRO_SL_Plugin_Updater.php on line 42
[14-Nov-2025 03:28:19 UTC] PHP Deprecated:  Creation of dynamic property Puc_v4p11_Plugin_Update::$x-spm-subscription-active is deprecated in C:\Users\Dell\Local Sites\quotation\app\public\wp-content\plugins\updraftplus\vendor\yahnis-elsts\plugin-update-checker\Puc\v4p11\Metadata.php on line 111
[14-Nov-2025 03:29:19 UTC] PHP Notice:  Function _load_textdomain_just_in_time was called <strong>incorrectly</strong>. Translation loading for the <code>fl-builder</code> domain was triggered too early. This is usually an indicator for some code in the plugin or theme running too early. Translations should be loaded at the <code>init</code> action or later. Please see <a href="https://developer.wordpress.org/advanced-administration/debug/debug-wordpress/">Debugging in WordPress</a> for more information. (This message was added in version 6.7.0.) in C:\Users\Dell\Local Sites\quotation\app\public\wp-includes\functions.php on line 6121
[14-Nov-2025 03:29:19 UTC] PHP Deprecated:  Return type of DUP_PRO_DB_Build_Iterator::current() should either be compatible with Iterator::current(): mixed, or the #[\ReturnTypeWillChange] attribute should be used to temporarily suppress the notice in C:\Users\Dell\Local Sites\quotation\app\public\wp-content\plugins\duplicator-pro\classes\package\class.pack.database.build.iterator.php on line 378
[14-Nov-2025 03:29:19 UTC] PHP Deprecated:  Return type of DUP_PRO_DB_Build_Iterator::next() should either be compatible with Iterator::next(): void, or the #[\ReturnTypeWillChange] attribute should be used to temporarily suppress the notice in C:\Users\Dell\Local Sites\quotation\app\public\wp-content\plugins\duplicator-pro\classes\package\class.pack.database.build.iterator.php on line 290
[14-Nov-2025 03:29:19 UTC] PHP Deprecated:  Return type of DUP_PRO_DB_Build_Iterator::key() should either be compatible with Iterator::key(): mixed, or the #[\ReturnTypeWillChange] attribute should be used to temporarily suppress the notice in C:\Users\Dell\Local Sites\quotation\app\public\wp-content\plugins\duplicator-pro\classes\package\class.pack.database.build.iterator.php on line 441
[14-Nov-2025 03:29:19 UTC] PHP Deprecated:  Return type of DUP_PRO_DB_Build_Iterator::valid() should either be compatible with Iterator::valid(): bool, or the #[\ReturnTypeWillChange] attribute should be used to temporarily suppress the notice in C:\Users\Dell\Local Sites\quotation\app\public\wp-content\plugins\duplicator-pro\classes\package\class.pack.database.build.iterator.php on line 369
[14-Nov-2025 03:29:19 UTC] PHP Deprecated:  Return type of DUP_PRO_DB_Build_Iterator::rewind() should either be compatible with Iterator::rewind(): void, or the #[\ReturnTypeWillChange] attribute should be used to temporarily suppress the notice in C:\Users\Dell\Local Sites\quotation\app\public\wp-content\plugins\duplicator-pro\classes\package\class.pack.database.build.iterator.php on line 227
[14-Nov-2025 03:29:19 UTC] PHP Deprecated:  Creation of dynamic property UpdraftPlus_Addon_Reporting::$log_ident is deprecated in C:\Users\Dell\Local Sites\quotation\app\public\wp-content\plugins\updraftplus\addons\reporting.php on line 49
[14-Nov-2025 03:29:19 UTC] PHP Deprecated:  Creation of dynamic property UpdraftPlus_Addon_Reporting::$log_facility is deprecated in C:\Users\Dell\Local Sites\quotation\app\public\wp-content\plugins\updraftplus\addons\reporting.php on line 50
[14-Nov-2025 03:29:19 UTC] PHP Deprecated:  Creation of dynamic property UpdraftPlusAddons2::$plugin_file is deprecated in C:\Users\Dell\Local Sites\quotation\app\public\wp-content\plugins\updraftplus\udaddons\updraftplus-addons.php on line 70
[14-Nov-2025 03:29:19 UTC] PHP Notice:  Function _load_textdomain_just_in_time was called <strong>incorrectly</strong>. Translation loading for the <code>wp-migrate-db</code> domain was triggered too early. This is usually an indicator for some code in the plugin or theme running too early. Translations should be loaded at the <code>init</code> action or later. Please see <a href="https://developer.wordpress.org/advanced-administration/debug/debug-wordpress/">Debugging in WordPress</a> for more information. (This message was added in version 6.7.0.) in C:\Users\Dell\Local Sites\quotation\app\public\wp-includes\functions.php on line 6121
[14-Nov-2025 03:29:19 UTC] PHP Deprecated:  Creation of dynamic property DUP_PRO_Global_Entity::$notices is deprecated in C:\Users\Dell\Local Sites\quotation\app\public\wp-content\plugins\duplicator-pro\classes\entities\class.json.entity.base.php on line 264
[14-Nov-2025 03:29:19 UTC] PHP Notice:  Function _load_textdomain_just_in_time was called <strong>incorrectly</strong>. Translation loading for the <code>updraftplus</code> domain was triggered too early. This is usually an indicator for some code in the plugin or theme running too early. Translations should be loaded at the <code>init</code> action or later. Please see <a href="https://developer.wordpress.org/advanced-administration/debug/debug-wordpress/">Debugging in WordPress</a> for more information. (This message was added in version 6.7.0.) in C:\Users\Dell\Local Sites\quotation\app\public\wp-includes\functions.php on line 6121
[14-Nov-2025 03:29:19 UTC] PHP Deprecated:  Creation of dynamic property UpdraftPlus_Addon_CloudFilesEnhanced::$title is deprecated in C:\Users\Dell\Local Sites\quotation\app\public\wp-content\plugins\updraftplus\addons\cloudfiles-enhanced.php on line 37
[14-Nov-2025 03:29:19 UTC] PHP Deprecated:  Creation of dynamic property UpdraftPlus_Addon_CloudFilesEnhanced::$description is deprecated in C:\Users\Dell\Local Sites\quotation\app\public\wp-content\plugins\updraftplus\addons\cloudfiles-enhanced.php on line 38
[14-Nov-2025 03:29:19 UTC] PHP Notice:  Function _load_textdomain_just_in_time was called <strong>incorrectly</strong>. Translation loading for the <code>updraftplus</code> domain was triggered too early. This is usually an indicator for some code in the plugin or theme running too early. Translations should be loaded at the <code>init</code> action or later. Please see <a href="https://developer.wordpress.org/advanced-administration/debug/debug-wordpress/">Debugging in WordPress</a> for more information. (This message was added in version 6.7.0.) in C:\Users\Dell\Local Sites\quotation\app\public\wp-includes\functions.php on line 6121
[14-Nov-2025 03:29:19 UTC] PHP Notice:  Function _load_textdomain_just_in_time was called <strong>incorrectly</strong>. Translation loading for the <code>astra</code> domain was triggered too early. This is usually an indicator for some code in the plugin or theme running too early. Translations should be loaded at the <code>init</code> action or later. Please see <a href="https://developer.wordpress.org/advanced-administration/debug/debug-wordpress/">Debugging in WordPress</a> for more information. (This message was added in version 6.7.0.) in C:\Users\Dell\Local Sites\quotation\app\public\wp-includes\functions.php on line 6121
[14-Nov-2025 03:29:19 UTC] PHP Deprecated:  Creation of dynamic property LOGINPRESS_PRO_SL_Plugin_Updater::$beta is deprecated in C:\Users\Dell\Local Sites\quotation\app\public\wp-content\plugins\loginpress-pro\lib\LOGINPRESS_PRO_SL_Plugin_Updater.php on line 42
[14-Nov-2025 03:29:19 UTC] PHP Deprecated:  Creation of dynamic property Puc_v4p11_Plugin_Update::$x-spm-subscription-active is deprecated in C:\Users\Dell\Local Sites\quotation\app\public\wp-content\plugins\updraftplus\vendor\yahnis-elsts\plugin-update-checker\Puc\v4p11\Metadata.php on line 111
[14-Nov-2025 03:29:32 UTC] PHP Notice:  Function _load_textdomain_just_in_time was called <strong>incorrectly</strong>. Translation loading for the <code>fl-builder</code> domain was triggered too early. This is usually an indicator for some code in the plugin or theme running too early. Translations should be loaded at the <code>init</code> action or later. Please see <a href="https://developer.wordpress.org/advanced-administration/debug/debug-wordpress/">Debugging in WordPress</a> for more information. (This message was added in version 6.7.0.) in C:\Users\Dell\Local Sites\quotation\app\public\wp-includes\functions.php on line 6121
[14-Nov-2025 03:29:32 UTC] PHP Deprecated:  Creation of dynamic property UpdraftPlus_Addon_Reporting::$log_ident is deprecated in C:\Users\Dell\Local Sites\quotation\app\public\wp-content\plugins\updraftplus\addons\reporting.php on line 49
[14-Nov-2025 03:29:32 UTC] PHP Deprecated:  Creation of dynamic property UpdraftPlus_Addon_Reporting::$log_facility is deprecated in C:\Users\Dell\Local Sites\quotation\app\public\wp-content\plugins\updraftplus\addons\reporting.php on line 50
[14-Nov-2025 03:29:32 UTC] PHP Deprecated:  Creation of dynamic property UpdraftPlusAddons2::$plugin_file is deprecated in C:\Users\Dell\Local Sites\quotation\app\public\wp-content\plugins\updraftplus\udaddons\updraftplus-addons.php on line 70
[14-Nov-2025 03:29:32 UTC] PHP Notice:  Function _load_textdomain_just_in_time was called <strong>incorrectly</strong>. Translation loading for the <code>wp-migrate-db</code> domain was triggered too early. This is usually an indicator for some code in the plugin or theme running too early. Translations should be loaded at the <code>init</code> action or later. Please see <a href="https://developer.wordpress.org/advanced-administration/debug/debug-wordpress/">Debugging in WordPress</a> for more information. (This message was added in version 6.7.0.) in C:\Users\Dell\Local Sites\quotation\app\public\wp-includes\functions.php on line 6121
[14-Nov-2025 03:29:32 UTC] PHP Notice:  Function _load_textdomain_just_in_time was called <strong>incorrectly</strong>. Translation loading for the <code>updraftplus</code> domain was triggered too early. This is usually an indicator for some code in the plugin or theme running too early. Translations should be loaded at the <code>init</code> action or later. Please see <a href="https://developer.wordpress.org/advanced-administration/debug/debug-wordpress/">Debugging in WordPress</a> for more information. (This message was added in version 6.7.0.) in C:\Users\Dell\Local Sites\quotation\app\public\wp-includes\functions.php on line 6121
[14-Nov-2025 03:29:32 UTC] PHP Deprecated:  Creation of dynamic property UpdraftPlus_Addon_CloudFilesEnhanced::$title is deprecated in C:\Users\Dell\Local Sites\quotation\app\public\wp-content\plugins\updraftplus\addons\cloudfiles-enhanced.php on line 37
[14-Nov-2025 03:29:32 UTC] PHP Deprecated:  Creation of dynamic property UpdraftPlus_Addon_CloudFilesEnhanced::$description is deprecated in C:\Users\Dell\Local Sites\quotation\app\public\wp-content\plugins\updraftplus\addons\cloudfiles-enhanced.php on line 38
[14-Nov-2025 03:29:32 UTC] PHP Notice:  Function _load_textdomain_just_in_time was called <strong>incorrectly</strong>. Translation loading for the <code>updraftplus</code> domain was triggered too early. This is usually an indicator for some code in the plugin or theme running too early. Translations should be loaded at the <code>init</code> action or later. Please see <a href="https://developer.wordpress.org/advanced-administration/debug/debug-wordpress/">Debugging in WordPress</a> for more information. (This message was added in version 6.7.0.) in C:\Users\Dell\Local Sites\quotation\app\public\wp-includes\functions.php on line 6121
[14-Nov-2025 03:29:32 UTC] PHP Notice:  Function _load_textdomain_just_in_time was called <strong>incorrectly</strong>. Translation loading for the <code>astra</code> domain was triggered too early. This is usually an indicator for some code in the plugin or theme running too early. Translations should be loaded at the <code>init</code> action or later. Please see <a href="https://developer.wordpress.org/advanced-administration/debug/debug-wordpress/">Debugging in WordPress</a> for more information. (This message was added in version 6.7.0.) in C:\Users\Dell\Local Sites\quotation\app\public\wp-includes\functions.php on line 6121
[14-Nov-2025 03:29:32 UTC] PHP Deprecated:  Return type of DUP_PRO_DB_Build_Iterator::current() should either be compatible with Iterator::current(): mixed, or the #[\ReturnTypeWillChange] attribute should be used to temporarily suppress the notice in C:\Users\Dell\Local Sites\quotation\app\public\wp-content\plugins\duplicator-pro\classes\package\class.pack.database.build.iterator.php on line 378
[14-Nov-2025 03:29:32 UTC] PHP Deprecated:  Return type of DUP_PRO_DB_Build_Iterator::next() should either be compatible with Iterator::next(): void, or the #[\ReturnTypeWillChange] attribute should be used to temporarily suppress the notice in C:\Users\Dell\Local Sites\quotation\app\public\wp-content\plugins\duplicator-pro\classes\package\class.pack.database.build.iterator.php on line 290
[14-Nov-2025 03:29:32 UTC] PHP Deprecated:  Return type of DUP_PRO_DB_Build_Iterator::key() should either be compatible with Iterator::key(): mixed, or the #[\ReturnTypeWillChange] attribute should be used to temporarily suppress the notice in C:\Users\Dell\Local Sites\quotation\app\public\wp-content\plugins\duplicator-pro\classes\package\class.pack.database.build.iterator.php on line 441
[14-Nov-2025 03:29:32 UTC] PHP Deprecated:  Return type of DUP_PRO_DB_Build_Iterator::valid() should either be compatible with Iterator::valid(): bool, or the #[\ReturnTypeWillChange] attribute should be used to temporarily suppress the notice in C:\Users\Dell\Local Sites\quotation\app\public\wp-content\plugins\duplicator-pro\classes\package\class.pack.database.build.iterator.php on line 369
[14-Nov-2025 03:29:32 UTC] PHP Deprecated:  Return type of DUP_PRO_DB_Build_Iterator::rewind() should either be compatible with Iterator::rewind(): void, or the #[\ReturnTypeWillChange] attribute should be used to temporarily suppress the notice in C:\Users\Dell\Local Sites\quotation\app\public\wp-content\plugins\duplicator-pro\classes\package\class.pack.database.build.iterator.php on line 227
[14-Nov-2025 03:29:32 UTC] PHP Deprecated:  Creation of dynamic property DUP_PRO_Global_Entity::$notices is deprecated in C:\Users\Dell\Local Sites\quotation\app\public\wp-content\plugins\duplicator-pro\classes\entities\class.json.entity.base.php on line 264
[14-Nov-2025 03:29:59 UTC] PHP Notice:  Function _load_textdomain_just_in_time was called <strong>incorrectly</strong>. Translation loading for the <code>fl-builder</code> domain was triggered too early. This is usually an indicator for some code in the plugin or theme running too early. Translations should be loaded at the <code>init</code> action or later. Please see <a href="https://developer.wordpress.org/advanced-administration/debug/debug-wordpress/">Debugging in WordPress</a> for more information. (This message was added in version 6.7.0.) in C:\Users\Dell\Local Sites\quotation\app\public\wp-includes\functions.php on line 6121
[14-Nov-2025 03:29:59 UTC] PHP Deprecated:  Return type of DUP_PRO_DB_Build_Iterator::current() should either be compatible with Iterator::current(): mixed, or the #[\ReturnTypeWillChange] attribute should be used to temporarily suppress the notice in C:\Users\Dell\Local Sites\quotation\app\public\wp-content\plugins\duplicator-pro\classes\package\class.pack.database.build.iterator.php on line 378
[14-Nov-2025 03:29:59 UTC] PHP Deprecated:  Return type of DUP_PRO_DB_Build_Iterator::next() should either be compatible with Iterator::next(): void, or the #[\ReturnTypeWillChange] attribute should be used to temporarily suppress the notice in C:\Users\Dell\Local Sites\quotation\app\public\wp-content\plugins\duplicator-pro\classes\package\class.pack.database.build.iterator.php on line 290
[14-Nov-2025 03:29:59 UTC] PHP Deprecated:  Return type of DUP_PRO_DB_Build_Iterator::key() should either be compatible with Iterator::key(): mixed, or the #[\ReturnTypeWillChange] attribute should be used to temporarily suppress the notice in C:\Users\Dell\Local Sites\quotation\app\public\wp-content\plugins\duplicator-pro\classes\package\class.pack.database.build.iterator.php on line 441
[14-Nov-2025 03:29:59 UTC] PHP Deprecated:  Return type of DUP_PRO_DB_Build_Iterator::valid() should either be compatible with Iterator::valid(): bool, or the #[\ReturnTypeWillChange] attribute should be used to temporarily suppress the notice in C:\Users\Dell\Local Sites\quotation\app\public\wp-content\plugins\duplicator-pro\classes\package\class.pack.database.build.iterator.php on line 369
[14-Nov-2025 03:29:59 UTC] PHP Deprecated:  Return type of DUP_PRO_DB_Build_Iterator::rewind() should either be compatible with Iterator::rewind(): void, or the #[\ReturnTypeWillChange] attribute should be used to temporarily suppress the notice in C:\Users\Dell\Local Sites\quotation\app\public\wp-content\plugins\duplicator-pro\classes\package\class.pack.database.build.iterator.php on line 227
[14-Nov-2025 03:29:59 UTC] PHP Deprecated:  Creation of dynamic property UpdraftPlus_Addon_Reporting::$log_ident is deprecated in C:\Users\Dell\Local Sites\quotation\app\public\wp-content\plugins\updraftplus\addons\reporting.php on line 49
[14-Nov-2025 03:29:59 UTC] PHP Deprecated:  Creation of dynamic property UpdraftPlus_Addon_Reporting::$log_facility is deprecated in C:\Users\Dell\Local Sites\quotation\app\public\wp-content\plugins\updraftplus\addons\reporting.php on line 50
[14-Nov-2025 03:29:59 UTC] PHP Deprecated:  Creation of dynamic property UpdraftPlusAddons2::$plugin_file is deprecated in C:\Users\Dell\Local Sites\quotation\app\public\wp-content\plugins\updraftplus\udaddons\updraftplus-addons.php on line 70
[14-Nov-2025 03:29:59 UTC] PHP Notice:  Function _load_textdomain_just_in_time was called <strong>incorrectly</strong>. Translation loading for the <code>wp-migrate-db</code> domain was triggered too early. This is usually an indicator for some code in the plugin or theme running too early. Translations should be loaded at the <code>init</code> action or later. Please see <a href="https://developer.wordpress.org/advanced-administration/debug/debug-wordpress/">Debugging in WordPress</a> for more information. (This message was added in version 6.7.0.) in C:\Users\Dell\Local Sites\quotation\app\public\wp-includes\functions.php on line 6121
[14-Nov-2025 03:29:59 UTC] PHP Deprecated:  Creation of dynamic property DUP_PRO_Global_Entity::$notices is deprecated in C:\Users\Dell\Local Sites\quotation\app\public\wp-content\plugins\duplicator-pro\classes\entities\class.json.entity.base.php on line 264
[14-Nov-2025 03:29:59 UTC] PHP Notice:  Function _load_textdomain_just_in_time was called <strong>incorrectly</strong>. Translation loading for the <code>updraftplus</code> domain was triggered too early. This is usually an indicator for some code in the plugin or theme running too early. Translations should be loaded at the <code>init</code> action or later. Please see <a href="https://developer.wordpress.org/advanced-administration/debug/debug-wordpress/">Debugging in WordPress</a> for more information. (This message was added in version 6.7.0.) in C:\Users\Dell\Local Sites\quotation\app\public\wp-includes\functions.php on line 6121
[14-Nov-2025 03:29:59 UTC] PHP Deprecated:  Creation of dynamic property UpdraftPlus_Addon_CloudFilesEnhanced::$title is deprecated in C:\Users\Dell\Local Sites\quotation\app\public\wp-content\plugins\updraftplus\addons\cloudfiles-enhanced.php on line 37
[14-Nov-2025 03:29:59 UTC] PHP Deprecated:  Creation of dynamic property UpdraftPlus_Addon_CloudFilesEnhanced::$description is deprecated in C:\Users\Dell\Local Sites\quotation\app\public\wp-content\plugins\updraftplus\addons\cloudfiles-enhanced.php on line 38
[14-Nov-2025 03:29:59 UTC] PHP Notice:  Function _load_textdomain_just_in_time was called <strong>incorrectly</strong>. Translation loading for the <code>updraftplus</code> domain was triggered too early. This is usually an indicator for some code in the plugin or theme running too early. Translations should be loaded at the <code>init</code> action or later. Please see <a href="https://developer.wordpress.org/advanced-administration/debug/debug-wordpress/">Debugging in WordPress</a> for more information. (This message was added in version 6.7.0.) in C:\Users\Dell\Local Sites\quotation\app\public\wp-includes\functions.php on line 6121
[14-Nov-2025 03:29:59 UTC] PHP Notice:  Function _load_textdomain_just_in_time was called <strong>incorrectly</strong>. Translation loading for the <code>astra</code> domain was triggered too early. This is usually an indicator for some code in the plugin or theme running too early. Translations should be loaded at the <code>init</code> action or later. Please see <a href="https://developer.wordpress.org/advanced-administration/debug/debug-wordpress/">Debugging in WordPress</a> for more information. (This message was added in version 6.7.0.) in C:\Users\Dell\Local Sites\quotation\app\public\wp-includes\functions.php on line 6121
[14-Nov-2025 03:29:59 UTC] PHP Deprecated:  Creation of dynamic property LOGINPRESS_PRO_SL_Plugin_Updater::$beta is deprecated in C:\Users\Dell\Local Sites\quotation\app\public\wp-content\plugins\loginpress-pro\lib\LOGINPRESS_PRO_SL_Plugin_Updater.php on line 42
[14-Nov-2025 03:29:59 UTC] PHP Deprecated:  Creation of dynamic property Puc_v4p11_Plugin_Update::$x-spm-subscription-active is deprecated in C:\Users\Dell\Local Sites\quotation\app\public\wp-content\plugins\updraftplus\vendor\yahnis-elsts\plugin-update-checker\Puc\v4p11\Metadata.php on line 111
[14-Nov-2025 03:30:19 UTC] PHP Notice:  Function _load_textdomain_just_in_time was called <strong>incorrectly</strong>. Translation loading for the <code>fl-builder</code> domain was triggered too early. This is usually an indicator for some code in the plugin or theme running too early. Translations should be loaded at the <code>init</code> action or later. Please see <a href="https://developer.wordpress.org/advanced-administration/debug/debug-wordpress/">Debugging in WordPress</a> for more information. (This message was added in version 6.7.0.) in C:\Users\Dell\Local Sites\quotation\app\public\wp-includes\functions.php on line 6121
[14-Nov-2025 03:30:19 UTC] PHP Deprecated:  Return type of DUP_PRO_DB_Build_Iterator::current() should either be compatible with Iterator::current(): mixed, or the #[\ReturnTypeWillChange] attribute should be used to temporarily suppress the notice in C:\Users\Dell\Local Sites\quotation\app\public\wp-content\plugins\duplicator-pro\classes\package\class.pack.database.build.iterator.php on line 378
[14-Nov-2025 03:30:19 UTC] PHP Deprecated:  Return type of DUP_PRO_DB_Build_Iterator::next() should either be compatible with Iterator::next(): void, or the #[\ReturnTypeWillChange] attribute should be used to temporarily suppress the notice in C:\Users\Dell\Local Sites\quotation\app\public\wp-content\plugins\duplicator-pro\classes\package\class.pack.database.build.iterator.php on line 290
[14-Nov-2025 03:30:19 UTC] PHP Deprecated:  Return type of DUP_PRO_DB_Build_Iterator::key() should either be compatible with Iterator::key(): mixed, or the #[\ReturnTypeWillChange] attribute should be used to temporarily suppress the notice in C:\Users\Dell\Local Sites\quotation\app\public\wp-content\plugins\duplicator-pro\classes\package\class.pack.database.build.iterator.php on line 441
[14-Nov-2025 03:30:19 UTC] PHP Deprecated:  Return type of DUP_PRO_DB_Build_Iterator::valid() should either be compatible with Iterator::valid(): bool, or the #[\ReturnTypeWillChange] attribute should be used to temporarily suppress the notice in C:\Users\Dell\Local Sites\quotation\app\public\wp-content\plugins\duplicator-pro\classes\package\class.pack.database.build.iterator.php on line 369
[14-Nov-2025 03:30:19 UTC] PHP Deprecated:  Return type of DUP_PRO_DB_Build_Iterator::rewind() should either be compatible with Iterator::rewind(): void, or the #[\ReturnTypeWillChange] attribute should be used to temporarily suppress the notice in C:\Users\Dell\Local Sites\quotation\app\public\wp-content\plugins\duplicator-pro\classes\package\class.pack.database.build.iterator.php on line 227
[14-Nov-2025 03:30:19 UTC] PHP Deprecated:  Creation of dynamic property UpdraftPlus_Addon_Reporting::$log_ident is deprecated in C:\Users\Dell\Local Sites\quotation\app\public\wp-content\plugins\updraftplus\addons\reporting.php on line 49
[14-Nov-2025 03:30:19 UTC] PHP Deprecated:  Creation of dynamic property UpdraftPlus_Addon_Reporting::$log_facility is deprecated in C:\Users\Dell\Local Sites\quotation\app\public\wp-content\plugins\updraftplus\addons\reporting.php on line 50
[14-Nov-2025 03:30:19 UTC] PHP Deprecated:  Creation of dynamic property UpdraftPlusAddons2::$plugin_file is deprecated in C:\Users\Dell\Local Sites\quotation\app\public\wp-content\plugins\updraftplus\udaddons\updraftplus-addons.php on line 70
[14-Nov-2025 03:30:19 UTC] PHP Notice:  Function _load_textdomain_just_in_time was called <strong>incorrectly</strong>. Translation loading for the <code>wp-migrate-db</code> domain was triggered too early. This is usually an indicator for some code in the plugin or theme running too early. Translations should be loaded at the <code>init</code> action or later. Please see <a href="https://developer.wordpress.org/advanced-administration/debug/debug-wordpress/">Debugging in WordPress</a> for more information. (This message was added in version 6.7.0.) in C:\Users\Dell\Local Sites\quotation\app\public\wp-includes\functions.php on line 6121
[14-Nov-2025 03:30:19 UTC] PHP Deprecated:  Creation of dynamic property DUP_PRO_Global_Entity::$notices is deprecated in C:\Users\Dell\Local Sites\quotation\app\public\wp-content\plugins\duplicator-pro\classes\entities\class.json.entity.base.php on line 264
[14-Nov-2025 03:30:19 UTC] PHP Notice:  Function _load_textdomain_just_in_time was called <strong>incorrectly</strong>. Translation loading for the <code>updraftplus</code> domain was triggered too early. This is usually an indicator for some code in the plugin or theme running too early. Translations should be loaded at the <code>init</code> action or later. Please see <a href="https://developer.wordpress.org/advanced-administration/debug/debug-wordpress/">Debugging in WordPress</a> for more information. (This message was added in version 6.7.0.) in C:\Users\Dell\Local Sites\quotation\app\public\wp-includes\functions.php on line 6121
[14-Nov-2025 03:30:19 UTC] PHP Deprecated:  Creation of dynamic property UpdraftPlus_Addon_CloudFilesEnhanced::$title is deprecated in C:\Users\Dell\Local Sites\quotation\app\public\wp-content\plugins\updraftplus\addons\cloudfiles-enhanced.php on line 37
[14-Nov-2025 03:30:19 UTC] PHP Deprecated:  Creation of dynamic property UpdraftPlus_Addon_CloudFilesEnhanced::$description is deprecated in C:\Users\Dell\Local Sites\quotation\app\public\wp-content\plugins\updraftplus\addons\cloudfiles-enhanced.php on line 38
[14-Nov-2025 03:30:19 UTC] PHP Notice:  Function _load_textdomain_just_in_time was called <strong>incorrectly</strong>. Translation loading for the <code>updraftplus</code> domain was triggered too early. This is usually an indicator for some code in the plugin or theme running too early. Translations should be loaded at the <code>init</code> action or later. Please see <a href="https://developer.wordpress.org/advanced-administration/debug/debug-wordpress/">Debugging in WordPress</a> for more information. (This message was added in version 6.7.0.) in C:\Users\Dell\Local Sites\quotation\app\public\wp-includes\functions.php on line 6121
[14-Nov-2025 03:30:19 UTC] PHP Notice:  Function _load_textdomain_just_in_time was called <strong>incorrectly</strong>. Translation loading for the <code>astra</code> domain was triggered too early. This is usually an indicator for some code in the plugin or theme running too early. Translations should be loaded at the <code>init</code> action or later. Please see <a href="https://developer.wordpress.org/advanced-administration/debug/debug-wordpress/">Debugging in WordPress</a> for more information. (This message was added in version 6.7.0.) in C:\Users\Dell\Local Sites\quotation\app\public\wp-includes\functions.php on line 6121
[14-Nov-2025 03:30:19 UTC] PHP Deprecated:  Creation of dynamic property LOGINPRESS_PRO_SL_Plugin_Updater::$beta is deprecated in C:\Users\Dell\Local Sites\quotation\app\public\wp-content\plugins\loginpress-pro\lib\LOGINPRESS_PRO_SL_Plugin_Updater.php on line 42
[14-Nov-2025 03:30:19 UTC] PHP Deprecated:  Creation of dynamic property Puc_v4p11_Plugin_Update::$x-spm-subscription-active is deprecated in C:\Users\Dell\Local Sites\quotation\app\public\wp-content\plugins\updraftplus\vendor\yahnis-elsts\plugin-update-checker\Puc\v4p11\Metadata.php on line 111
[14-Nov-2025 03:30:49 UTC] PHP Notice:  Function _load_textdomain_just_in_time was called <strong>incorrectly</strong>. Translation loading for the <code>fl-builder</code> domain was triggered too early. This is usually an indicator for some code in the plugin or theme running too early. Translations should be loaded at the <code>init</code> action or later. Please see <a href="https://developer.wordpress.org/advanced-administration/debug/debug-wordpress/">Debugging in WordPress</a> for more information. (This message was added in version 6.7.0.) in C:\Users\Dell\Local Sites\quotation\app\public\wp-includes\functions.php on line 6121
[14-Nov-2025 03:30:49 UTC] PHP Deprecated:  Creation of dynamic property UpdraftPlus_Addon_Reporting::$log_ident is deprecated in C:\Users\Dell\Local Sites\quotation\app\public\wp-content\plugins\updraftplus\addons\reporting.php on line 49
[14-Nov-2025 03:30:49 UTC] PHP Deprecated:  Creation of dynamic property UpdraftPlus_Addon_Reporting::$log_facility is deprecated in C:\Users\Dell\Local Sites\quotation\app\public\wp-content\plugins\updraftplus\addons\reporting.php on line 50
[14-Nov-2025 03:30:49 UTC] PHP Deprecated:  Creation of dynamic property UpdraftPlusAddons2::$plugin_file is deprecated in C:\Users\Dell\Local Sites\quotation\app\public\wp-content\plugins\updraftplus\udaddons\updraftplus-addons.php on line 70
[14-Nov-2025 03:30:49 UTC] PHP Notice:  Function _load_textdomain_just_in_time was called <strong>incorrectly</strong>. Translation loading for the <code>wp-migrate-db</code> domain was triggered too early. This is usually an indicator for some code in the plugin or theme running too early. Translations should be loaded at the <code>init</code> action or later. Please see <a href="https://developer.wordpress.org/advanced-administration/debug/debug-wordpress/">Debugging in WordPress</a> for more information. (This message was added in version 6.7.0.) in C:\Users\Dell\Local Sites\quotation\app\public\wp-includes\functions.php on line 6121
[14-Nov-2025 03:30:49 UTC] PHP Notice:  Function _load_textdomain_just_in_time was called <strong>incorrectly</strong>. Translation loading for the <code>updraftplus</code> domain was triggered too early. This is usually an indicator for some code in the plugin or theme running too early. Translations should be loaded at the <code>init</code> action or later. Please see <a href="https://developer.wordpress.org/advanced-administration/debug/debug-wordpress/">Debugging in WordPress</a> for more information. (This message was added in version 6.7.0.) in C:\Users\Dell\Local Sites\quotation\app\public\wp-includes\functions.php on line 6121
[14-Nov-2025 03:30:49 UTC] PHP Deprecated:  Creation of dynamic property UpdraftPlus_Addon_CloudFilesEnhanced::$title is deprecated in C:\Users\Dell\Local Sites\quotation\app\public\wp-content\plugins\updraftplus\addons\cloudfiles-enhanced.php on line 37
[14-Nov-2025 03:30:49 UTC] PHP Deprecated:  Creation of dynamic property UpdraftPlus_Addon_CloudFilesEnhanced::$description is deprecated in C:\Users\Dell\Local Sites\quotation\app\public\wp-content\plugins\updraftplus\addons\cloudfiles-enhanced.php on line 38
[14-Nov-2025 03:30:49 UTC] PHP Notice:  Function _load_textdomain_just_in_time was called <strong>incorrectly</strong>. Translation loading for the <code>updraftplus</code> domain was triggered too early. This is usually an indicator for some code in the plugin or theme running too early. Translations should be loaded at the <code>init</code> action or later. Please see <a href="https://developer.wordpress.org/advanced-administration/debug/debug-wordpress/">Debugging in WordPress</a> for more information. (This message was added in version 6.7.0.) in C:\Users\Dell\Local Sites\quotation\app\public\wp-includes\functions.php on line 6121
[14-Nov-2025 03:30:49 UTC] PHP Notice:  Function _load_textdomain_just_in_time was called <strong>incorrectly</strong>. Translation loading for the <code>astra</code> domain was triggered too early. This is usually an indicator for some code in the plugin or theme running too early. Translations should be loaded at the <code>init</code> action or later. Please see <a href="https://developer.wordpress.org/advanced-administration/debug/debug-wordpress/">Debugging in WordPress</a> for more information. (This message was added in version 6.7.0.) in C:\Users\Dell\Local Sites\quotation\app\public\wp-includes\functions.php on line 6121
[14-Nov-2025 03:30:49 UTC] PHP Deprecated:  Return type of DUP_PRO_DB_Build_Iterator::current() should either be compatible with Iterator::current(): mixed, or the #[\ReturnTypeWillChange] attribute should be used to temporarily suppress the notice in C:\Users\Dell\Local Sites\quotation\app\public\wp-content\plugins\duplicator-pro\classes\package\class.pack.database.build.iterator.php on line 378
[14-Nov-2025 03:30:49 UTC] PHP Deprecated:  Return type of DUP_PRO_DB_Build_Iterator::next() should either be compatible with Iterator::next(): void, or the #[\ReturnTypeWillChange] attribute should be used to temporarily suppress the notice in C:\Users\Dell\Local Sites\quotation\app\public\wp-content\plugins\duplicator-pro\classes\package\class.pack.database.build.iterator.php on line 290
[14-Nov-2025 03:30:49 UTC] PHP Deprecated:  Return type of DUP_PRO_DB_Build_Iterator::key() should either be compatible with Iterator::key(): mixed, or the #[\ReturnTypeWillChange] attribute should be used to temporarily suppress the notice in C:\Users\Dell\Local Sites\quotation\app\public\wp-content\plugins\duplicator-pro\classes\package\class.pack.database.build.iterator.php on line 441
[14-Nov-2025 03:30:49 UTC] PHP Deprecated:  Return type of DUP_PRO_DB_Build_Iterator::valid() should either be compatible with Iterator::valid(): bool, or the #[\ReturnTypeWillChange] attribute should be used to temporarily suppress the notice in C:\Users\Dell\Local Sites\quotation\app\public\wp-content\plugins\duplicator-pro\classes\package\class.pack.database.build.iterator.php on line 369
[14-Nov-2025 03:30:49 UTC] PHP Deprecated:  Return type of DUP_PRO_DB_Build_Iterator::rewind() should either be compatible with Iterator::rewind(): void, or the #[\ReturnTypeWillChange] attribute should be used to temporarily suppress the notice in C:\Users\Dell\Local Sites\quotation\app\public\wp-content\plugins\duplicator-pro\classes\package\class.pack.database.build.iterator.php on line 227
[14-Nov-2025 03:30:49 UTC] PHP Deprecated:  Creation of dynamic property DUP_PRO_Global_Entity::$notices is deprecated in C:\Users\Dell\Local Sites\quotation\app\public\wp-content\plugins\duplicator-pro\classes\entities\class.json.entity.base.php on line 264
[14-Nov-2025 03:31:20 UTC] PHP Notice:  Function _load_textdomain_just_in_time was called <strong>incorrectly</strong>. Translation loading for the <code>fl-builder</code> domain was triggered too early. This is usually an indicator for some code in the plugin or theme running too early. Translations should be loaded at the <code>init</code> action or later. Please see <a href="https://developer.wordpress.org/advanced-administration/debug/debug-wordpress/">Debugging in WordPress</a> for more information. (This message was added in version 6.7.0.) in C:\Users\Dell\Local Sites\quotation\app\public\wp-includes\functions.php on line 6121
[14-Nov-2025 03:31:20 UTC] PHP Deprecated:  Return type of DUP_PRO_DB_Build_Iterator::current() should either be compatible with Iterator::current(): mixed, or the #[\ReturnTypeWillChange] attribute should be used to temporarily suppress the notice in C:\Users\Dell\Local Sites\quotation\app\public\wp-content\plugins\duplicator-pro\classes\package\class.pack.database.build.iterator.php on line 378
[14-Nov-2025 03:31:20 UTC] PHP Deprecated:  Return type of DUP_PRO_DB_Build_Iterator::next() should either be compatible with Iterator::next(): void, or the #[\ReturnTypeWillChange] attribute should be used to temporarily suppress the notice in C:\Users\Dell\Local Sites\quotation\app\public\wp-content\plugins\duplicator-pro\classes\package\class.pack.database.build.iterator.php on line 290
[14-Nov-2025 03:31:20 UTC] PHP Deprecated:  Return type of DUP_PRO_DB_Build_Iterator::key() should either be compatible with Iterator::key(): mixed, or the #[\ReturnTypeWillChange] attribute should be used to temporarily suppress the notice in C:\Users\Dell\Local Sites\quotation\app\public\wp-content\plugins\duplicator-pro\classes\package\class.pack.database.build.iterator.php on line 441
[14-Nov-2025 03:31:20 UTC] PHP Deprecated:  Return type of DUP_PRO_DB_Build_Iterator::valid() should either be compatible with Iterator::valid(): bool, or the #[\ReturnTypeWillChange] attribute should be used to temporarily suppress the notice in C:\Users\Dell\Local Sites\quotation\app\public\wp-content\plugins\duplicator-pro\classes\package\class.pack.database.build.iterator.php on line 369
[14-Nov-2025 03:31:20 UTC] PHP Deprecated:  Return type of DUP_PRO_DB_Build_Iterator::rewind() should either be compatible with Iterator::rewind(): void, or the #[\ReturnTypeWillChange] attribute should be used to temporarily suppress the notice in C:\Users\Dell\Local Sites\quotation\app\public\wp-content\plugins\duplicator-pro\classes\package\class.pack.database.build.iterator.php on line 227
[14-Nov-2025 03:31:20 UTC] PHP Deprecated:  Creation of dynamic property UpdraftPlus_Addon_Reporting::$log_ident is deprecated in C:\Users\Dell\Local Sites\quotation\app\public\wp-content\plugins\updraftplus\addons\reporting.php on line 49
[14-Nov-2025 03:31:20 UTC] PHP Deprecated:  Creation of dynamic property UpdraftPlus_Addon_Reporting::$log_facility is deprecated in C:\Users\Dell\Local Sites\quotation\app\public\wp-content\plugins\updraftplus\addons\reporting.php on line 50
[14-Nov-2025 03:31:20 UTC] PHP Deprecated:  Creation of dynamic property UpdraftPlusAddons2::$plugin_file is deprecated in C:\Users\Dell\Local Sites\quotation\app\public\wp-content\plugins\updraftplus\udaddons\updraftplus-addons.php on line 70
[14-Nov-2025 03:31:20 UTC] PHP Notice:  Function _load_textdomain_just_in_time was called <strong>incorrectly</strong>. Translation loading for the <code>wp-migrate-db</code> domain was triggered too early. This is usually an indicator for some code in the plugin or theme running too early. Translations should be loaded at the <code>init</code> action or later. Please see <a href="https://developer.wordpress.org/advanced-administration/debug/debug-wordpress/">Debugging in WordPress</a> for more information. (This message was added in version 6.7.0.) in C:\Users\Dell\Local Sites\quotation\app\public\wp-includes\functions.php on line 6121
[14-Nov-2025 03:31:20 UTC] PHP Deprecated:  Creation of dynamic property DUP_PRO_Global_Entity::$notices is deprecated in C:\Users\Dell\Local Sites\quotation\app\public\wp-content\plugins\duplicator-pro\classes\entities\class.json.entity.base.php on line 264
[14-Nov-2025 03:31:20 UTC] PHP Notice:  Function _load_textdomain_just_in_time was called <strong>incorrectly</strong>. Translation loading for the <code>updraftplus</code> domain was triggered too early. This is usually an indicator for some code in the plugin or theme running too early. Translations should be loaded at the <code>init</code> action or later. Please see <a href="https://developer.wordpress.org/advanced-administration/debug/debug-wordpress/">Debugging in WordPress</a> for more information. (This message was added in version 6.7.0.) in C:\Users\Dell\Local Sites\quotation\app\public\wp-includes\functions.php on line 6121
[14-Nov-2025 03:31:20 UTC] PHP Deprecated:  Creation of dynamic property UpdraftPlus_Addon_CloudFilesEnhanced::$title is deprecated in C:\Users\Dell\Local Sites\quotation\app\public\wp-content\plugins\updraftplus\addons\cloudfiles-enhanced.php on line 37
[14-Nov-2025 03:31:20 UTC] PHP Deprecated:  Creation of dynamic property UpdraftPlus_Addon_CloudFilesEnhanced::$description is deprecated in C:\Users\Dell\Local Sites\quotation\app\public\wp-content\plugins\updraftplus\addons\cloudfiles-enhanced.php on line 38
[14-Nov-2025 03:31:20 UTC] PHP Notice:  Function _load_textdomain_just_in_time was called <strong>incorrectly</strong>. Translation loading for the <code>updraftplus</code> domain was triggered too early. This is usually an indicator for some code in the plugin or theme running too early. Translations should be loaded at the <code>init</code> action or later. Please see <a href="https://developer.wordpress.org/advanced-administration/debug/debug-wordpress/">Debugging in WordPress</a> for more information. (This message was added in version 6.7.0.) in C:\Users\Dell\Local Sites\quotation\app\public\wp-includes\functions.php on line 6121
[14-Nov-2025 03:31:20 UTC] PHP Notice:  Function _load_textdomain_just_in_time was called <strong>incorrectly</strong>. Translation loading for the <code>astra</code> domain was triggered too early. This is usually an indicator for some code in the plugin or theme running too early. Translations should be loaded at the <code>init</code> action or later. Please see <a href="https://developer.wordpress.org/advanced-administration/debug/debug-wordpress/">Debugging in WordPress</a> for more information. (This message was added in version 6.7.0.) in C:\Users\Dell\Local Sites\quotation\app\public\wp-includes\functions.php on line 6121
[14-Nov-2025 03:31:20 UTC] PHP Deprecated:  Creation of dynamic property LOGINPRESS_PRO_SL_Plugin_Updater::$beta is deprecated in C:\Users\Dell\Local Sites\quotation\app\public\wp-content\plugins\loginpress-pro\lib\LOGINPRESS_PRO_SL_Plugin_Updater.php on line 42
[14-Nov-2025 03:31:20 UTC] PHP Deprecated:  Creation of dynamic property Puc_v4p11_Plugin_Update::$x-spm-subscription-active is deprecated in C:\Users\Dell\Local Sites\quotation\app\public\wp-content\plugins\updraftplus\vendor\yahnis-elsts\plugin-update-checker\Puc\v4p11\Metadata.php on line 111
[14-Nov-2025 03:31:59 UTC] PHP Notice:  Function _load_textdomain_just_in_time was called <strong>incorrectly</strong>. Translation loading for the <code>fl-builder</code> domain was triggered too early. This is usually an indicator for some code in the plugin or theme running too early. Translations should be loaded at the <code>init</code> action or later. Please see <a href="https://developer.wordpress.org/advanced-administration/debug/debug-wordpress/">Debugging in WordPress</a> for more information. (This message was added in version 6.7.0.) in C:\Users\Dell\Local Sites\quotation\app\public\wp-includes\functions.php on line 6121
[14-Nov-2025 03:31:59 UTC] PHP Deprecated:  Return type of DUP_PRO_DB_Build_Iterator::current() should either be compatible with Iterator::current(): mixed, or the #[\ReturnTypeWillChange] attribute should be used to temporarily suppress the notice in C:\Users\Dell\Local Sites\quotation\app\public\wp-content\plugins\duplicator-pro\classes\package\class.pack.database.build.iterator.php on line 378
[14-Nov-2025 03:31:59 UTC] PHP Deprecated:  Return type of DUP_PRO_DB_Build_Iterator::next() should either be compatible with Iterator::next(): void, or the #[\ReturnTypeWillChange] attribute should be used to temporarily suppress the notice in C:\Users\Dell\Local Sites\quotation\app\public\wp-content\plugins\duplicator-pro\classes\package\class.pack.database.build.iterator.php on line 290
[14-Nov-2025 03:31:59 UTC] PHP Deprecated:  Return type of DUP_PRO_DB_Build_Iterator::key() should either be compatible with Iterator::key(): mixed, or the #[\ReturnTypeWillChange] attribute should be used to temporarily suppress the notice in C:\Users\Dell\Local Sites\quotation\app\public\wp-content\plugins\duplicator-pro\classes\package\class.pack.database.build.iterator.php on line 441
[14-Nov-2025 03:31:59 UTC] PHP Deprecated:  Return type of DUP_PRO_DB_Build_Iterator::valid() should either be compatible with Iterator::valid(): bool, or the #[\ReturnTypeWillChange] attribute should be used to temporarily suppress the notice in C:\Users\Dell\Local Sites\quotation\app\public\wp-content\plugins\duplicator-pro\classes\package\class.pack.database.build.iterator.php on line 369
[14-Nov-2025 03:31:59 UTC] PHP Deprecated:  Return type of DUP_PRO_DB_Build_Iterator::rewind() should either be compatible with Iterator::rewind(): void, or the #[\ReturnTypeWillChange] attribute should be used to temporarily suppress the notice in C:\Users\Dell\Local Sites\quotation\app\public\wp-content\plugins\duplicator-pro\classes\package\class.pack.database.build.iterator.php on line 227
[14-Nov-2025 03:31:59 UTC] PHP Deprecated:  Creation of dynamic property UpdraftPlus_Addon_Reporting::$log_ident is deprecated in C:\Users\Dell\Local Sites\quotation\app\public\wp-content\plugins\updraftplus\addons\reporting.php on line 49
[14-Nov-2025 03:31:59 UTC] PHP Deprecated:  Creation of dynamic property UpdraftPlus_Addon_Reporting::$log_facility is deprecated in C:\Users\Dell\Local Sites\quotation\app\public\wp-content\plugins\updraftplus\addons\reporting.php on line 50
[14-Nov-2025 03:31:59 UTC] PHP Deprecated:  Creation of dynamic property UpdraftPlusAddons2::$plugin_file is deprecated in C:\Users\Dell\Local Sites\quotation\app\public\wp-content\plugins\updraftplus\udaddons\updraftplus-addons.php on line 70
[14-Nov-2025 03:31:59 UTC] PHP Notice:  Function _load_textdomain_just_in_time was called <strong>incorrectly</strong>. Translation loading for the <code>wp-migrate-db</code> domain was triggered too early. This is usually an indicator for some code in the plugin or theme running too early. Translations should be loaded at the <code>init</code> action or later. Please see <a href="https://developer.wordpress.org/advanced-administration/debug/debug-wordpress/">Debugging in WordPress</a> for more information. (This message was added in version 6.7.0.) in C:\Users\Dell\Local Sites\quotation\app\public\wp-includes\functions.php on line 6121
[14-Nov-2025 03:31:59 UTC] PHP Deprecated:  Creation of dynamic property DUP_PRO_Global_Entity::$notices is deprecated in C:\Users\Dell\Local Sites\quotation\app\public\wp-content\plugins\duplicator-pro\classes\entities\class.json.entity.base.php on line 264
[14-Nov-2025 03:31:59 UTC] PHP Notice:  Function _load_textdomain_just_in_time was called <strong>incorrectly</strong>. Translation loading for the <code>updraftplus</code> domain was triggered too early. This is usually an indicator for some code in the plugin or theme running too early. Translations should be loaded at the <code>init</code> action or later. Please see <a href="https://developer.wordpress.org/advanced-administration/debug/debug-wordpress/">Debugging in WordPress</a> for more information. (This message was added in version 6.7.0.) in C:\Users\Dell\Local Sites\quotation\app\public\wp-includes\functions.php on line 6121
[14-Nov-2025 03:31:59 UTC] PHP Deprecated:  Creation of dynamic property UpdraftPlus_Addon_CloudFilesEnhanced::$title is deprecated in C:\Users\Dell\Local Sites\quotation\app\public\wp-content\plugins\updraftplus\addons\cloudfiles-enhanced.php on line 37
[14-Nov-2025 03:31:59 UTC] PHP Deprecated:  Creation of dynamic property UpdraftPlus_Addon_CloudFilesEnhanced::$description is deprecated in C:\Users\Dell\Local Sites\quotation\app\public\wp-content\plugins\updraftplus\addons\cloudfiles-enhanced.php on line 38
[14-Nov-2025 03:31:59 UTC] PHP Notice:  Function _load_textdomain_just_in_time was called <strong>incorrectly</strong>. Translation loading for the <code>updraftplus</code> domain was triggered too early. This is usually an indicator for some code in the plugin or theme running too early. Translations should be loaded at the <code>init</code> action or later. Please see <a href="https://developer.wordpress.org/advanced-administration/debug/debug-wordpress/">Debugging in WordPress</a> for more information. (This message was added in version 6.7.0.) in C:\Users\Dell\Local Sites\quotation\app\public\wp-includes\functions.php on line 6121
[14-Nov-2025 03:31:59 UTC] PHP Notice:  Function _load_textdomain_just_in_time was called <strong>incorrectly</strong>. Translation loading for the <code>astra</code> domain was triggered too early. This is usually an indicator for some code in the plugin or theme running too early. Translations should be loaded at the <code>init</code> action or later. Please see <a href="https://developer.wordpress.org/advanced-administration/debug/debug-wordpress/">Debugging in WordPress</a> for more information. (This message was added in version 6.7.0.) in C:\Users\Dell\Local Sites\quotation\app\public\wp-includes\functions.php on line 6121
[14-Nov-2025 03:31:59 UTC] PHP Deprecated:  Creation of dynamic property LOGINPRESS_PRO_SL_Plugin_Updater::$beta is deprecated in C:\Users\Dell\Local Sites\quotation\app\public\wp-content\plugins\loginpress-pro\lib\LOGINPRESS_PRO_SL_Plugin_Updater.php on line 42
[14-Nov-2025 03:31:59 UTC] PHP Deprecated:  Creation of dynamic property Puc_v4p11_Plugin_Update::$x-spm-subscription-active is deprecated in C:\Users\Dell\Local Sites\quotation\app\public\wp-content\plugins\updraftplus\vendor\yahnis-elsts\plugin-update-checker\Puc\v4p11\Metadata.php on line 111
[14-Nov-2025 03:32:00 UTC] PHP Notice:  Function _load_textdomain_just_in_time was called <strong>incorrectly</strong>. Translation loading for the <code>fl-builder</code> domain was triggered too early. This is usually an indicator for some code in the plugin or theme running too early. Translations should be loaded at the <code>init</code> action or later. Please see <a href="https://developer.wordpress.org/advanced-administration/debug/debug-wordpress/">Debugging in WordPress</a> for more information. (This message was added in version 6.7.0.) in C:\Users\Dell\Local Sites\quotation\app\public\wp-includes\functions.php on line 6121
[14-Nov-2025 03:32:00 UTC] PHP Deprecated:  Creation of dynamic property UpdraftPlus_Addon_Reporting::$log_ident is deprecated in C:\Users\Dell\Local Sites\quotation\app\public\wp-content\plugins\updraftplus\addons\reporting.php on line 49
[14-Nov-2025 03:32:00 UTC] PHP Deprecated:  Creation of dynamic property UpdraftPlus_Addon_Reporting::$log_facility is deprecated in C:\Users\Dell\Local Sites\quotation\app\public\wp-content\plugins\updraftplus\addons\reporting.php on line 50
[14-Nov-2025 03:32:00 UTC] PHP Deprecated:  Creation of dynamic property UpdraftPlusAddons2::$plugin_file is deprecated in C:\Users\Dell\Local Sites\quotation\app\public\wp-content\plugins\updraftplus\udaddons\updraftplus-addons.php on line 70
[14-Nov-2025 03:32:00 UTC] PHP Notice:  Function _load_textdomain_just_in_time was called <strong>incorrectly</strong>. Translation loading for the <code>wp-migrate-db</code> domain was triggered too early. This is usually an indicator for some code in the plugin or theme running too early. Translations should be loaded at the <code>init</code> action or later. Please see <a href="https://developer.wordpress.org/advanced-administration/debug/debug-wordpress/">Debugging in WordPress</a> for more information. (This message was added in version 6.7.0.) in C:\Users\Dell\Local Sites\quotation\app\public\wp-includes\functions.php on line 6121
[14-Nov-2025 03:32:00 UTC] PHP Notice:  Function _load_textdomain_just_in_time was called <strong>incorrectly</strong>. Translation loading for the <code>updraftplus</code> domain was triggered too early. This is usually an indicator for some code in the plugin or theme running too early. Translations should be loaded at the <code>init</code> action or later. Please see <a href="https://developer.wordpress.org/advanced-administration/debug/debug-wordpress/">Debugging in WordPress</a> for more information. (This message was added in version 6.7.0.) in C:\Users\Dell\Local Sites\quotation\app\public\wp-includes\functions.php on line 6121
[14-Nov-2025 03:32:00 UTC] PHP Deprecated:  Creation of dynamic property UpdraftPlus_Addon_CloudFilesEnhanced::$title is deprecated in C:\Users\Dell\Local Sites\quotation\app\public\wp-content\plugins\updraftplus\addons\cloudfiles-enhanced.php on line 37
[14-Nov-2025 03:32:00 UTC] PHP Deprecated:  Creation of dynamic property UpdraftPlus_Addon_CloudFilesEnhanced::$description is deprecated in C:\Users\Dell\Local Sites\quotation\app\public\wp-content\plugins\updraftplus\addons\cloudfiles-enhanced.php on line 38
[14-Nov-2025 03:32:00 UTC] PHP Notice:  Function _load_textdomain_just_in_time was called <strong>incorrectly</strong>. Translation loading for the <code>updraftplus</code> domain was triggered too early. This is usually an indicator for some code in the plugin or theme running too early. Translations should be loaded at the <code>init</code> action or later. Please see <a href="https://developer.wordpress.org/advanced-administration/debug/debug-wordpress/">Debugging in WordPress</a> for more information. (This message was added in version 6.7.0.) in C:\Users\Dell\Local Sites\quotation\app\public\wp-includes\functions.php on line 6121
[14-Nov-2025 03:32:00 UTC] PHP Notice:  Function _load_textdomain_just_in_time was called <strong>incorrectly</strong>. Translation loading for the <code>astra</code> domain was triggered too early. This is usually an indicator for some code in the plugin or theme running too early. Translations should be loaded at the <code>init</code> action or later. Please see <a href="https://developer.wordpress.org/advanced-administration/debug/debug-wordpress/">Debugging in WordPress</a> for more information. (This message was added in version 6.7.0.) in C:\Users\Dell\Local Sites\quotation\app\public\wp-includes\functions.php on line 6121
[14-Nov-2025 03:32:00 UTC] PHP Deprecated:  Return type of DUP_PRO_DB_Build_Iterator::current() should either be compatible with Iterator::current(): mixed, or the #[\ReturnTypeWillChange] attribute should be used to temporarily suppress the notice in C:\Users\Dell\Local Sites\quotation\app\public\wp-content\plugins\duplicator-pro\classes\package\class.pack.database.build.iterator.php on line 378
[14-Nov-2025 03:32:00 UTC] PHP Deprecated:  Return type of DUP_PRO_DB_Build_Iterator::next() should either be compatible with Iterator::next(): void, or the #[\ReturnTypeWillChange] attribute should be used to temporarily suppress the notice in C:\Users\Dell\Local Sites\quotation\app\public\wp-content\plugins\duplicator-pro\classes\package\class.pack.database.build.iterator.php on line 290
[14-Nov-2025 03:32:00 UTC] PHP Deprecated:  Return type of DUP_PRO_DB_Build_Iterator::key() should either be compatible with Iterator::key(): mixed, or the #[\ReturnTypeWillChange] attribute should be used to temporarily suppress the notice in C:\Users\Dell\Local Sites\quotation\app\public\wp-content\plugins\duplicator-pro\classes\package\class.pack.database.build.iterator.php on line 441
[14-Nov-2025 03:32:00 UTC] PHP Deprecated:  Return type of DUP_PRO_DB_Build_Iterator::valid() should either be compatible with Iterator::valid(): bool, or the #[\ReturnTypeWillChange] attribute should be used to temporarily suppress the notice in C:\Users\Dell\Local Sites\quotation\app\public\wp-content\plugins\duplicator-pro\classes\package\class.pack.database.build.iterator.php on line 369
[14-Nov-2025 03:32:00 UTC] PHP Deprecated:  Return type of DUP_PRO_DB_Build_Iterator::rewind() should either be compatible with Iterator::rewind(): void, or the #[\ReturnTypeWillChange] attribute should be used to temporarily suppress the notice in C:\Users\Dell\Local Sites\quotation\app\public\wp-content\plugins\duplicator-pro\classes\package\class.pack.database.build.iterator.php on line 227
[14-Nov-2025 03:32:00 UTC] PHP Deprecated:  Creation of dynamic property DUP_PRO_Global_Entity::$notices is deprecated in C:\Users\Dell\Local Sites\quotation\app\public\wp-content\plugins\duplicator-pro\classes\entities\class.json.entity.base.php on line 264
[14-Nov-2025 03:32:00 UTC] PHP Deprecated:  Creation of dynamic property Puc_v4p11_Plugin_Update::$x-spm-subscription-active is deprecated in C:\Users\Dell\Local Sites\quotation\app\public\wp-content\plugins\updraftplus\vendor\yahnis-elsts\plugin-update-checker\Puc\v4p11\Metadata.php on line 111
[14-Nov-2025 03:32:01 UTC] PHP Parse error:  syntax error, unexpected token "<<" in C:\Users\Dell\Local Sites\quotation\app\public\wp-content\plugins\Quotation-Local-Tan-V.2\templates\quote-generator-form.php on line 70
[14-Nov-2025 03:32:05 UTC] PHP Notice:  Function _load_textdomain_just_in_time was called <strong>incorrectly</strong>. Translation loading for the <code>fl-builder</code> domain was triggered too early. This is usually an indicator for some code in the plugin or theme running too early. Translations should be loaded at the <code>init</code> action or later. Please see <a href="https://developer.wordpress.org/advanced-administration/debug/debug-wordpress/">Debugging in WordPress</a> for more information. (This message was added in version 6.7.0.) in C:\Users\Dell\Local Sites\quotation\app\public\wp-includes\functions.php on line 6121
[14-Nov-2025 03:32:05 UTC] PHP Deprecated:  Creation of dynamic property UpdraftPlus_Addon_Reporting::$log_ident is deprecated in C:\Users\Dell\Local Sites\quotation\app\public\wp-content\plugins\updraftplus\addons\reporting.php on line 49
[14-Nov-2025 03:32:05 UTC] PHP Deprecated:  Creation of dynamic property UpdraftPlus_Addon_Reporting::$log_facility is deprecated in C:\Users\Dell\Local Sites\quotation\app\public\wp-content\plugins\updraftplus\addons\reporting.php on line 50
[14-Nov-2025 03:32:05 UTC] PHP Deprecated:  Creation of dynamic property UpdraftPlusAddons2::$plugin_file is deprecated in C:\Users\Dell\Local Sites\quotation\app\public\wp-content\plugins\updraftplus\udaddons\updraftplus-addons.php on line 70
[14-Nov-2025 03:32:05 UTC] PHP Notice:  Function _load_textdomain_just_in_time was called <strong>incorrectly</strong>. Translation loading for the <code>wp-migrate-db</code> domain was triggered too early. This is usually an indicator for some code in the plugin or theme running too early. Translations should be loaded at the <code>init</code> action or later. Please see <a href="https://developer.wordpress.org/advanced-administration/debug/debug-wordpress/">Debugging in WordPress</a> for more information. (This message was added in version 6.7.0.) in C:\Users\Dell\Local Sites\quotation\app\public\wp-includes\functions.php on line 6121
[14-Nov-2025 03:32:05 UTC] PHP Notice:  Function _load_textdomain_just_in_time was called <strong>incorrectly</strong>. Translation loading for the <code>updraftplus</code> domain was triggered too early. This is usually an indicator for some code in the plugin or theme running too early. Translations should be loaded at the <code>init</code> action or later. Please see <a href="https://developer.wordpress.org/advanced-administration/debug/debug-wordpress/">Debugging in WordPress</a> for more information. (This message was added in version 6.7.0.) in C:\Users\Dell\Local Sites\quotation\app\public\wp-includes\functions.php on line 6121
[14-Nov-2025 03:32:05 UTC] PHP Deprecated:  Creation of dynamic property UpdraftPlus_Addon_CloudFilesEnhanced::$title is deprecated in C:\Users\Dell\Local Sites\quotation\app\public\wp-content\plugins\updraftplus\addons\cloudfiles-enhanced.php on line 37
[14-Nov-2025 03:32:05 UTC] PHP Deprecated:  Creation of dynamic property UpdraftPlus_Addon_CloudFilesEnhanced::$description is deprecated in C:\Users\Dell\Local Sites\quotation\app\public\wp-content\plugins\updraftplus\addons\cloudfiles-enhanced.php on line 38
[14-Nov-2025 03:32:05 UTC] PHP Notice:  Function _load_textdomain_just_in_time was called <strong>incorrectly</strong>. Translation loading for the <code>updraftplus</code> domain was triggered too early. This is usually an indicator for some code in the plugin or theme running too early. Translations should be loaded at the <code>init</code> action or later. Please see <a href="https://developer.wordpress.org/advanced-administration/debug/debug-wordpress/">Debugging in WordPress</a> for more information. (This message was added in version 6.7.0.) in C:\Users\Dell\Local Sites\quotation\app\public\wp-includes\functions.php on line 6121
[14-Nov-2025 03:32:05 UTC] PHP Notice:  Function _load_textdomain_just_in_time was called <strong>incorrectly</strong>. Translation loading for the <code>astra</code> domain was triggered too early. This is usually an indicator for some code in the plugin or theme running too early. Translations should be loaded at the <code>init</code> action or later. Please see <a href="https://developer.wordpress.org/advanced-administration/debug/debug-wordpress/">Debugging in WordPress</a> for more information. (This message was added in version 6.7.0.) in C:\Users\Dell\Local Sites\quotation\app\public\wp-includes\functions.php on line 6121
[14-Nov-2025 03:32:05 UTC] PHP Deprecated:  Return type of DUP_PRO_DB_Build_Iterator::current() should either be compatible with Iterator::current(): mixed, or the #[\ReturnTypeWillChange] attribute should be used to temporarily suppress the notice in C:\Users\Dell\Local Sites\quotation\app\public\wp-content\plugins\duplicator-pro\classes\package\class.pack.database.build.iterator.php on line 378
[14-Nov-2025 03:32:05 UTC] PHP Deprecated:  Return type of DUP_PRO_DB_Build_Iterator::next() should either be compatible with Iterator::next(): void, or the #[\ReturnTypeWillChange] attribute should be used to temporarily suppress the notice in C:\Users\Dell\Local Sites\quotation\app\public\wp-content\plugins\duplicator-pro\classes\package\class.pack.database.build.iterator.php on line 290
[14-Nov-2025 03:32:05 UTC] PHP Deprecated:  Return type of DUP_PRO_DB_Build_Iterator::key() should either be compatible with Iterator::key(): mixed, or the #[\ReturnTypeWillChange] attribute should be used to temporarily suppress the notice in C:\Users\Dell\Local Sites\quotation\app\public\wp-content\plugins\duplicator-pro\classes\package\class.pack.database.build.iterator.php on line 441
[14-Nov-2025 03:32:05 UTC] PHP Deprecated:  Return type of DUP_PRO_DB_Build_Iterator::valid() should either be compatible with Iterator::valid(): bool, or the #[\ReturnTypeWillChange] attribute should be used to temporarily suppress the notice in C:\Users\Dell\Local Sites\quotation\app\public\wp-content\plugins\duplicator-pro\classes\package\class.pack.database.build.iterator.php on line 369
[14-Nov-2025 03:32:05 UTC] PHP Deprecated:  Return type of DUP_PRO_DB_Build_Iterator::rewind() should either be compatible with Iterator::rewind(): void, or the #[\ReturnTypeWillChange] attribute should be used to temporarily suppress the notice in C:\Users\Dell\Local Sites\quotation\app\public\wp-content\plugins\duplicator-pro\classes\package\class.pack.database.build.iterator.php on line 227
[14-Nov-2025 03:32:05 UTC] PHP Deprecated:  Creation of dynamic property Puc_v4p11_Plugin_Update::$x-spm-subscription-active is deprecated in C:\Users\Dell\Local Sites\quotation\app\public\wp-content\plugins\updraftplus\vendor\yahnis-elsts\plugin-update-checker\Puc\v4p11\Metadata.php on line 111
[14-Nov-2025 03:32:05 UTC] PHP Parse error:  syntax error, unexpected token "<<" in C:\Users\Dell\Local Sites\quotation\app\public\wp-content\plugins\Quotation-Local-Tan-V.2\templates\quote-generator-form.php on line 70
[14-Nov-2025 03:32:10 UTC] PHP Notice:  Function _load_textdomain_just_in_time was called <strong>incorrectly</strong>. Translation loading for the <code>fl-builder</code> domain was triggered too early. This is usually an indicator for some code in the plugin or theme running too early. Translations should be loaded at the <code>init</code> action or later. Please see <a href="https://developer.wordpress.org/advanced-administration/debug/debug-wordpress/">Debugging in WordPress</a> for more information. (This message was added in version 6.7.0.) in C:\Users\Dell\Local Sites\quotation\app\public\wp-includes\functions.php on line 6121
[14-Nov-2025 03:32:10 UTC] PHP Deprecated:  Creation of dynamic property UpdraftPlus_Addon_Reporting::$log_ident is deprecated in C:\Users\Dell\Local Sites\quotation\app\public\wp-content\plugins\updraftplus\addons\reporting.php on line 49
[14-Nov-2025 03:32:10 UTC] PHP Deprecated:  Creation of dynamic property UpdraftPlus_Addon_Reporting::$log_facility is deprecated in C:\Users\Dell\Local Sites\quotation\app\public\wp-content\plugins\updraftplus\addons\reporting.php on line 50
[14-Nov-2025 03:32:10 UTC] PHP Deprecated:  Creation of dynamic property UpdraftPlusAddons2::$plugin_file is deprecated in C:\Users\Dell\Local Sites\quotation\app\public\wp-content\plugins\updraftplus\udaddons\updraftplus-addons.php on line 70
[14-Nov-2025 03:32:10 UTC] PHP Notice:  Function _load_textdomain_just_in_time was called <strong>incorrectly</strong>. Translation loading for the <code>wp-migrate-db</code> domain was triggered too early. This is usually an indicator for some code in the plugin or theme running too early. Translations should be loaded at the <code>init</code> action or later. Please see <a href="https://developer.wordpress.org/advanced-administration/debug/debug-wordpress/">Debugging in WordPress</a> for more information. (This message was added in version 6.7.0.) in C:\Users\Dell\Local Sites\quotation\app\public\wp-includes\functions.php on line 6121
[14-Nov-2025 03:32:10 UTC] PHP Notice:  Function _load_textdomain_just_in_time was called <strong>incorrectly</strong>. Translation loading for the <code>updraftplus</code> domain was triggered too early. This is usually an indicator for some code in the plugin or theme running too early. Translations should be loaded at the <code>init</code> action or later. Please see <a href="https://developer.wordpress.org/advanced-administration/debug/debug-wordpress/">Debugging in WordPress</a> for more information. (This message was added in version 6.7.0.) in C:\Users\Dell\Local Sites\quotation\app\public\wp-includes\functions.php on line 6121
[14-Nov-2025 03:32:10 UTC] PHP Deprecated:  Creation of dynamic property UpdraftPlus_Addon_CloudFilesEnhanced::$title is deprecated in C:\Users\Dell\Local Sites\quotation\app\public\wp-content\plugins\updraftplus\addons\cloudfiles-enhanced.php on line 37
[14-Nov-2025 03:32:10 UTC] PHP Deprecated:  Creation of dynamic property UpdraftPlus_Addon_CloudFilesEnhanced::$description is deprecated in C:\Users\Dell\Local Sites\quotation\app\public\wp-content\plugins\updraftplus\addons\cloudfiles-enhanced.php on line 38
[14-Nov-2025 03:32:10 UTC] PHP Notice:  Function _load_textdomain_just_in_time was called <strong>incorrectly</strong>. Translation loading for the <code>updraftplus</code> domain was triggered too early. This is usually an indicator for some code in the plugin or theme running too early. Translations should be loaded at the <code>init</code> action or later. Please see <a href="https://developer.wordpress.org/advanced-administration/debug/debug-wordpress/">Debugging in WordPress</a> for more information. (This message was added in version 6.7.0.) in C:\Users\Dell\Local Sites\quotation\app\public\wp-includes\functions.php on line 6121
[14-Nov-2025 03:32:10 UTC] PHP Notice:  Function _load_textdomain_just_in_time was called <strong>incorrectly</strong>. Translation loading for the <code>astra</code> domain was triggered too early. This is usually an indicator for some code in the plugin or theme running too early. Translations should be loaded at the <code>init</code> action or later. Please see <a href="https://developer.wordpress.org/advanced-administration/debug/debug-wordpress/">Debugging in WordPress</a> for more information. (This message was added in version 6.7.0.) in C:\Users\Dell\Local Sites\quotation\app\public\wp-includes\functions.php on line 6121
[14-Nov-2025 03:32:10 UTC] PHP Deprecated:  Return type of DUP_PRO_DB_Build_Iterator::current() should either be compatible with Iterator::current(): mixed, or the #[\ReturnTypeWillChange] attribute should be used to temporarily suppress the notice in C:\Users\Dell\Local Sites\quotation\app\public\wp-content\plugins\duplicator-pro\classes\package\class.pack.database.build.iterator.php on line 378
[14-Nov-2025 03:32:10 UTC] PHP Deprecated:  Return type of DUP_PRO_DB_Build_Iterator::next() should either be compatible with Iterator::next(): void, or the #[\ReturnTypeWillChange] attribute should be used to temporarily suppress the notice in C:\Users\Dell\Local Sites\quotation\app\public\wp-content\plugins\duplicator-pro\classes\package\class.pack.database.build.iterator.php on line 290
[14-Nov-2025 03:32:10 UTC] PHP Deprecated:  Return type of DUP_PRO_DB_Build_Iterator::key() should either be compatible with Iterator::key(): mixed, or the #[\ReturnTypeWillChange] attribute should be used to temporarily suppress the notice in C:\Users\Dell\Local Sites\quotation\app\public\wp-content\plugins\duplicator-pro\classes\package\class.pack.database.build.iterator.php on line 441
[14-Nov-2025 03:32:10 UTC] PHP Deprecated:  Return type of DUP_PRO_DB_Build_Iterator::valid() should either be compatible with Iterator::valid(): bool, or the #[\ReturnTypeWillChange] attribute should be used to temporarily suppress the notice in C:\Users\Dell\Local Sites\quotation\app\public\wp-content\plugins\duplicator-pro\classes\package\class.pack.database.build.iterator.php on line 369
[14-Nov-2025 03:32:10 UTC] PHP Deprecated:  Return type of DUP_PRO_DB_Build_Iterator::rewind() should either be compatible with Iterator::rewind(): void, or the #[\ReturnTypeWillChange] attribute should be used to temporarily suppress the notice in C:\Users\Dell\Local Sites\quotation\app\public\wp-content\plugins\duplicator-pro\classes\package\class.pack.database.build.iterator.php on line 227
[14-Nov-2025 03:32:10 UTC] PHP Deprecated:  Creation of dynamic property Puc_v4p11_Plugin_Update::$x-spm-subscription-active is deprecated in C:\Users\Dell\Local Sites\quotation\app\public\wp-content\plugins\updraftplus\vendor\yahnis-elsts\plugin-update-checker\Puc\v4p11\Metadata.php on line 111
[14-Nov-2025 03:32:10 UTC] PHP Parse error:  syntax error, unexpected token "<<" in C:\Users\Dell\Local Sites\quotation\app\public\wp-content\plugins\Quotation-Local-Tan-V.2\templates\quote-generator-form.php on line 70
[14-Nov-2025 03:32:11 UTC] PHP Notice:  Function _load_textdomain_just_in_time was called <strong>incorrectly</strong>. Translation loading for the <code>fl-builder</code> domain was triggered too early. This is usually an indicator for some code in the plugin or theme running too early. Translations should be loaded at the <code>init</code> action or later. Please see <a href="https://developer.wordpress.org/advanced-administration/debug/debug-wordpress/">Debugging in WordPress</a> for more information. (This message was added in version 6.7.0.) in C:\Users\Dell\Local Sites\quotation\app\public\wp-includes\functions.php on line 6121
[14-Nov-2025 03:32:11 UTC] PHP Deprecated:  Return type of DUP_PRO_DB_Build_Iterator::current() should either be compatible with Iterator::current(): mixed, or the #[\ReturnTypeWillChange] attribute should be used to temporarily suppress the notice in C:\Users\Dell\Local Sites\quotation\app\public\wp-content\plugins\duplicator-pro\classes\package\class.pack.database.build.iterator.php on line 378
[14-Nov-2025 03:32:11 UTC] PHP Deprecated:  Return type of DUP_PRO_DB_Build_Iterator::next() should either be compatible with Iterator::next(): void, or the #[\ReturnTypeWillChange] attribute should be used to temporarily suppress the notice in C:\Users\Dell\Local Sites\quotation\app\public\wp-content\plugins\duplicator-pro\classes\package\class.pack.database.build.iterator.php on line 290
[14-Nov-2025 03:32:11 UTC] PHP Deprecated:  Return type of DUP_PRO_DB_Build_Iterator::key() should either be compatible with Iterator::key(): mixed, or the #[\ReturnTypeWillChange] attribute should be used to temporarily suppress the notice in C:\Users\Dell\Local Sites\quotation\app\public\wp-content\plugins\duplicator-pro\classes\package\class.pack.database.build.iterator.php on line 441
[14-Nov-2025 03:32:11 UTC] PHP Deprecated:  Return type of DUP_PRO_DB_Build_Iterator::valid() should either be compatible with Iterator::valid(): bool, or the #[\ReturnTypeWillChange] attribute should be used to temporarily suppress the notice in C:\Users\Dell\Local Sites\quotation\app\public\wp-content\plugins\duplicator-pro\classes\package\class.pack.database.build.iterator.php on line 369
[14-Nov-2025 03:32:11 UTC] PHP Deprecated:  Return type of DUP_PRO_DB_Build_Iterator::rewind() should either be compatible with Iterator::rewind(): void, or the #[\ReturnTypeWillChange] attribute should be used to temporarily suppress the notice in C:\Users\Dell\Local Sites\quotation\app\public\wp-content\plugins\duplicator-pro\classes\package\class.pack.database.build.iterator.php on line 227
[14-Nov-2025 03:32:11 UTC] PHP Deprecated:  Creation of dynamic property UpdraftPlus_Addon_Reporting::$log_ident is deprecated in C:\Users\Dell\Local Sites\quotation\app\public\wp-content\plugins\updraftplus\addons\reporting.php on line 49
[14-Nov-2025 03:32:11 UTC] PHP Deprecated:  Creation of dynamic property UpdraftPlus_Addon_Reporting::$log_facility is deprecated in C:\Users\Dell\Local Sites\quotation\app\public\wp-content\plugins\updraftplus\addons\reporting.php on line 50
[14-Nov-2025 03:32:11 UTC] PHP Deprecated:  Creation of dynamic property UpdraftPlusAddons2::$plugin_file is deprecated in C:\Users\Dell\Local Sites\quotation\app\public\wp-content\plugins\updraftplus\udaddons\updraftplus-addons.php on line 70
[14-Nov-2025 03:32:11 UTC] PHP Notice:  Function _load_textdomain_just_in_time was called <strong>incorrectly</strong>. Translation loading for the <code>wp-migrate-db</code> domain was triggered too early. This is usually an indicator for some code in the plugin or theme running too early. Translations should be loaded at the <code>init</code> action or later. Please see <a href="https://developer.wordpress.org/advanced-administration/debug/debug-wordpress/">Debugging in WordPress</a> for more information. (This message was added in version 6.7.0.) in C:\Users\Dell\Local Sites\quotation\app\public\wp-includes\functions.php on line 6121
[14-Nov-2025 03:32:11 UTC] PHP Deprecated:  Creation of dynamic property DUP_PRO_Global_Entity::$notices is deprecated in C:\Users\Dell\Local Sites\quotation\app\public\wp-content\plugins\duplicator-pro\classes\entities\class.json.entity.base.php on line 264
[14-Nov-2025 03:32:11 UTC] PHP Notice:  Function _load_textdomain_just_in_time was called <strong>incorrectly</strong>. Translation loading for the <code>updraftplus</code> domain was triggered too early. This is usually an indicator for some code in the plugin or theme running too early. Translations should be loaded at the <code>init</code> action or later. Please see <a href="https://developer.wordpress.org/advanced-administration/debug/debug-wordpress/">Debugging in WordPress</a> for more information. (This message was added in version 6.7.0.) in C:\Users\Dell\Local Sites\quotation\app\public\wp-includes\functions.php on line 6121
[14-Nov-2025 03:32:11 UTC] PHP Deprecated:  Creation of dynamic property UpdraftPlus_Addon_CloudFilesEnhanced::$title is deprecated in C:\Users\Dell\Local Sites\quotation\app\public\wp-content\plugins\updraftplus\addons\cloudfiles-enhanced.php on line 37
[14-Nov-2025 03:32:11 UTC] PHP Deprecated:  Creation of dynamic property UpdraftPlus_Addon_CloudFilesEnhanced::$description is deprecated in C:\Users\Dell\Local Sites\quotation\app\public\wp-content\plugins\updraftplus\addons\cloudfiles-enhanced.php on line 38
[14-Nov-2025 03:32:11 UTC] PHP Notice:  Function _load_textdomain_just_in_time was called <strong>incorrectly</strong>. Translation loading for the <code>updraftplus</code> domain was triggered too early. This is usually an indicator for some code in the plugin or theme running too early. Translations should be loaded at the <code>init</code> action or later. Please see <a href="https://developer.wordpress.org/advanced-administration/debug/debug-wordpress/">Debugging in WordPress</a> for more information. (This message was added in version 6.7.0.) in C:\Users\Dell\Local Sites\quotation\app\public\wp-includes\functions.php on line 6121
[14-Nov-2025 03:32:11 UTC] PHP Notice:  Function _load_textdomain_just_in_time was called <strong>incorrectly</strong>. Translation loading for the <code>astra</code> domain was triggered too early. This is usually an indicator for some code in the plugin or theme running too early. Translations should be loaded at the <code>init</code> action or later. Please see <a href="https://developer.wordpress.org/advanced-administration/debug/debug-wordpress/">Debugging in WordPress</a> for more information. (This message was added in version 6.7.0.) in C:\Users\Dell\Local Sites\quotation\app\public\wp-includes\functions.php on line 6121
[14-Nov-2025 03:32:11 UTC] PHP Deprecated:  Creation of dynamic property Puc_v4p11_Plugin_Update::$x-spm-subscription-active is deprecated in C:\Users\Dell\Local Sites\quotation\app\public\wp-content\plugins\updraftplus\vendor\yahnis-elsts\plugin-update-checker\Puc\v4p11\Metadata.php on line 111
[14-Nov-2025 03:32:11 UTC] PHP Deprecated:  Creation of dynamic property UpdraftPlusAddons2::$options is deprecated in C:\Users\Dell\Local Sites\quotation\app\public\wp-content\plugins\updraftplus\udaddons\updraftplus-addons.php on line 362
[14-Nov-2025 03:32:11 UTC] PHP Deprecated:  strpos(): Passing null to parameter #1 ($haystack) of type string is deprecated in C:\Users\Dell\Local Sites\quotation\app\public\wp-includes\functions.php on line 7360
[14-Nov-2025 03:32:11 UTC] PHP Deprecated:  str_replace(): Passing null to parameter #3 ($subject) of type array|string is deprecated in C:\Users\Dell\Local Sites\quotation\app\public\wp-includes\functions.php on line 2195
[14-Nov-2025 03:32:11 UTC] PHP Deprecated:  Creation of dynamic property LOGINPRESS_PRO_SL_Plugin_Updater::$beta is deprecated in C:\Users\Dell\Local Sites\quotation\app\public\wp-content\plugins\loginpress-pro\lib\LOGINPRESS_PRO_SL_Plugin_Updater.php on line 42
[14-Nov-2025 03:32:11 UTC] PHP Deprecated:  Creation of dynamic property UpdraftPlus_Addon_LockAdmin::$opts is deprecated in C:\Users\Dell\Local Sites\quotation\app\public\wp-content\plugins\updraftplus\addons\lockadmin.php on line 73
[14-Nov-2025 03:32:11 UTC] PHP Deprecated:  Constant FILTER_SANITIZE_STRING is deprecated in C:\Users\Dell\Local Sites\quotation\app\public\wp-content\plugins\duplicator-pro\src\Core\Controllers\AbstractSinglePageController.php on line 177
[14-Nov-2025 03:32:11 UTC] PHP Deprecated:  filter_input(): Passing null to parameter #4 ($options) of type array|int is deprecated in C:\Users\Dell\Local Sites\quotation\app\public\wp-content\plugins\duplicator-pro\src\Libs\Snap\SnapUtil.php on line 360
[14-Nov-2025 03:32:11 UTC] PHP Deprecated:  Constant FILTER_SANITIZE_STRING is deprecated in C:\Users\Dell\Local Sites\quotation\app\public\wp-content\plugins\duplicator-pro\src\Core\Controllers\AbstractSinglePageController.php on line 177
[14-Nov-2025 03:32:11 UTC] PHP Deprecated:  filter_input(): Passing null to parameter #4 ($options) of type array|int is deprecated in C:\Users\Dell\Local Sites\quotation\app\public\wp-content\plugins\duplicator-pro\src\Libs\Snap\SnapUtil.php on line 360
[14-Nov-2025 03:32:11 UTC] PHP Deprecated:  Constant FILTER_SANITIZE_STRING is deprecated in C:\Users\Dell\Local Sites\quotation\app\public\wp-content\plugins\duplicator-pro\src\Core\Controllers\AbstractSinglePageController.php on line 177
[14-Nov-2025 03:32:11 UTC] PHP Deprecated:  filter_input(): Passing null to parameter #4 ($options) of type array|int is deprecated in C:\Users\Dell\Local Sites\quotation\app\public\wp-content\plugins\duplicator-pro\src\Libs\Snap\SnapUtil.php on line 360
[14-Nov-2025 03:32:11 UTC] PHP Deprecated:  Constant FILTER_SANITIZE_STRING is deprecated in C:\Users\Dell\Local Sites\quotation\app\public\wp-content\plugins\duplicator-pro\src\Core\Controllers\AbstractSinglePageController.php on line 177
[14-Nov-2025 03:32:11 UTC] PHP Deprecated:  filter_input(): Passing null to parameter #4 ($options) of type array|int is deprecated in C:\Users\Dell\Local Sites\quotation\app\public\wp-content\plugins\duplicator-pro\src\Libs\Snap\SnapUtil.php on line 360
[14-Nov-2025 03:32:11 UTC] PHP Deprecated:  Constant FILTER_SANITIZE_STRING is deprecated in C:\Users\Dell\Local Sites\quotation\app\public\wp-content\plugins\duplicator-pro\src\Core\Controllers\AbstractSinglePageController.php on line 177
[14-Nov-2025 03:32:11 UTC] PHP Deprecated:  filter_input(): Passing null to parameter #4 ($options) of type array|int is deprecated in C:\Users\Dell\Local Sites\quotation\app\public\wp-content\plugins\duplicator-pro\src\Libs\Snap\SnapUtil.php on line 360
[14-Nov-2025 03:32:11 UTC] PHP Deprecated:  Constant FILTER_SANITIZE_STRING is deprecated in C:\Users\Dell\Local Sites\quotation\app\public\wp-content\plugins\duplicator-pro\src\Core\Controllers\AbstractSinglePageController.php on line 177
[14-Nov-2025 03:32:11 UTC] PHP Deprecated:  filter_input(): Passing null to parameter #4 ($options) of type array|int is deprecated in C:\Users\Dell\Local Sites\quotation\app\public\wp-content\plugins\duplicator-pro\src\Libs\Snap\SnapUtil.php on line 360
[14-Nov-2025 03:32:11 UTC] PHP Deprecated:  Constant FILTER_SANITIZE_STRING is deprecated in C:\Users\Dell\Local Sites\quotation\app\public\wp-content\plugins\duplicator-pro\src\Core\Controllers\AbstractSinglePageController.php on line 177
[14-Nov-2025 03:32:11 UTC] PHP Deprecated:  filter_input(): Passing null to parameter #4 ($options) of type array|int is deprecated in C:\Users\Dell\Local Sites\quotation\app\public\wp-content\plugins\duplicator-pro\src\Libs\Snap\SnapUtil.php on line 360
[14-Nov-2025 03:32:11 UTC] PHP Deprecated:  Constant FILTER_SANITIZE_STRING is deprecated in C:\Users\Dell\Local Sites\quotation\app\public\wp-content\plugins\duplicator-pro\src\Core\Controllers\AbstractSinglePageController.php on line 177
[14-Nov-2025 03:32:11 UTC] PHP Deprecated:  filter_input(): Passing null to parameter #4 ($options) of type array|int is deprecated in C:\Users\Dell\Local Sites\quotation\app\public\wp-content\plugins\duplicator-pro\src\Libs\Snap\SnapUtil.php on line 360
[14-Nov-2025 03:32:11 UTC] PHP Deprecated:  Constant FILTER_SANITIZE_STRING is deprecated in C:\Users\Dell\Local Sites\quotation\app\public\wp-content\plugins\duplicator-pro\src\Core\Controllers\ControllersManager.php on line 114
[14-Nov-2025 03:32:11 UTC] PHP Deprecated:  Constant FILTER_SANITIZE_STRING is deprecated in C:\Users\Dell\Local Sites\quotation\app\public\wp-content\plugins\duplicator-pro\src\Core\Controllers\ControllersManager.php on line 120
[14-Nov-2025 03:32:11 UTC] PHP Deprecated:  Constant FILTER_SANITIZE_STRING is deprecated in C:\Users\Dell\Local Sites\quotation\app\public\wp-content\plugins\duplicator-pro\src\Core\Controllers\ControllersManager.php on line 126
[14-Nov-2025 03:32:11 UTC] PHP Deprecated:  Constant FILTER_SANITIZE_STRING is deprecated in C:\Users\Dell\Local Sites\quotation\app\public\wp-content\plugins\duplicator-pro\src\Core\Controllers\ControllersManager.php on line 114
[14-Nov-2025 03:32:11 UTC] PHP Deprecated:  Constant FILTER_SANITIZE_STRING is deprecated in C:\Users\Dell\Local Sites\quotation\app\public\wp-content\plugins\duplicator-pro\src\Core\Controllers\ControllersManager.php on line 120
[14-Nov-2025 03:32:11 UTC] PHP Deprecated:  Constant FILTER_SANITIZE_STRING is deprecated in C:\Users\Dell\Local Sites\quotation\app\public\wp-content\plugins\duplicator-pro\src\Core\Controllers\ControllersManager.php on line 126
[14-Nov-2025 03:32:11 UTC] PHP Deprecated:  Constant FILTER_SANITIZE_STRING is deprecated in C:\Users\Dell\Local Sites\quotation\app\public\wp-content\plugins\duplicator-pro\src\Core\Controllers\ControllersManager.php on line 114
[14-Nov-2025 03:32:11 UTC] PHP Deprecated:  Constant FILTER_SANITIZE_STRING is deprecated in C:\Users\Dell\Local Sites\quotation\app\public\wp-content\plugins\duplicator-pro\src\Core\Controllers\ControllersManager.php on line 120
[14-Nov-2025 03:32:11 UTC] PHP Deprecated:  Constant FILTER_SANITIZE_STRING is deprecated in C:\Users\Dell\Local Sites\quotation\app\public\wp-content\plugins\duplicator-pro\src\Core\Controllers\ControllersManager.php on line 126
[14-Nov-2025 03:32:11 UTC] PHP Deprecated:  Constant FILTER_SANITIZE_STRING is deprecated in C:\Users\Dell\Local Sites\quotation\app\public\wp-content\plugins\duplicator-pro\src\Core\Controllers\ControllersManager.php on line 114
[14-Nov-2025 03:32:11 UTC] PHP Deprecated:  Constant FILTER_SANITIZE_STRING is deprecated in C:\Users\Dell\Local Sites\quotation\app\public\wp-content\plugins\duplicator-pro\src\Core\Controllers\ControllersManager.php on line 120
[14-Nov-2025 03:32:11 UTC] PHP Deprecated:  Constant FILTER_SANITIZE_STRING is deprecated in C:\Users\Dell\Local Sites\quotation\app\public\wp-content\plugins\duplicator-pro\src\Core\Controllers\ControllersManager.php on line 126
[14-Nov-2025 03:32:11 UTC] PHP Deprecated:  Constant FILTER_SANITIZE_STRING is deprecated in C:\Users\Dell\Local Sites\quotation\app\public\wp-content\plugins\duplicator-pro\src\Core\Controllers\ControllersManager.php on line 114
[14-Nov-2025 03:32:11 UTC] PHP Deprecated:  Constant FILTER_SANITIZE_STRING is deprecated in C:\Users\Dell\Local Sites\quotation\app\public\wp-content\plugins\duplicator-pro\src\Core\Controllers\ControllersManager.php on line 120
[14-Nov-2025 03:32:11 UTC] PHP Deprecated:  Constant FILTER_SANITIZE_STRING is deprecated in C:\Users\Dell\Local Sites\quotation\app\public\wp-content\plugins\duplicator-pro\src\Core\Controllers\ControllersManager.php on line 126
[14-Nov-2025 03:32:11 UTC] PHP Deprecated:  Constant FILTER_SANITIZE_STRING is deprecated in C:\Users\Dell\Local Sites\quotation\app\public\wp-content\plugins\duplicator-pro\src\Core\Controllers\ControllersManager.php on line 114
[14-Nov-2025 03:32:11 UTC] PHP Deprecated:  Constant FILTER_SANITIZE_STRING is deprecated in C:\Users\Dell\Local Sites\quotation\app\public\wp-content\plugins\duplicator-pro\src\Core\Controllers\ControllersManager.php on line 120
[14-Nov-2025 03:32:11 UTC] PHP Deprecated:  Constant FILTER_SANITIZE_STRING is deprecated in C:\Users\Dell\Local Sites\quotation\app\public\wp-content\plugins\duplicator-pro\src\Core\Controllers\ControllersManager.php on line 126
[14-Nov-2025 03:32:11 UTC] PHP Deprecated:  Constant FILTER_SANITIZE_STRING is deprecated in C:\Users\Dell\Local Sites\quotation\app\public\wp-content\plugins\duplicator-pro\src\Core\Controllers\ControllersManager.php on line 114
[14-Nov-2025 03:32:11 UTC] PHP Deprecated:  Constant FILTER_SANITIZE_STRING is deprecated in C:\Users\Dell\Local Sites\quotation\app\public\wp-content\plugins\duplicator-pro\src\Core\Controllers\ControllersManager.php on line 120
[14-Nov-2025 03:32:11 UTC] PHP Deprecated:  Constant FILTER_SANITIZE_STRING is deprecated in C:\Users\Dell\Local Sites\quotation\app\public\wp-content\plugins\duplicator-pro\src\Core\Controllers\ControllersManager.php on line 126
[14-Nov-2025 03:32:11 UTC] PHP Deprecated:  Constant FILTER_SANITIZE_STRING is deprecated in C:\Users\Dell\Local Sites\quotation\app\public\wp-content\plugins\duplicator-pro\src\Core\Controllers\ControllersManager.php on line 114
[14-Nov-2025 03:32:11 UTC] PHP Deprecated:  Constant FILTER_SANITIZE_STRING is deprecated in C:\Users\Dell\Local Sites\quotation\app\public\wp-content\plugins\duplicator-pro\src\Core\Controllers\ControllersManager.php on line 120
[14-Nov-2025 03:32:11 UTC] PHP Deprecated:  Constant FILTER_SANITIZE_STRING is deprecated in C:\Users\Dell\Local Sites\quotation\app\public\wp-content\plugins\duplicator-pro\src\Core\Controllers\ControllersManager.php on line 126
[14-Nov-2025 03:32:11 UTC] PHP Deprecated:  Constant FILTER_SANITIZE_STRING is deprecated in C:\Users\Dell\Local Sites\quotation\app\public\wp-content\plugins\duplicator-pro\src\Core\Controllers\ControllersManager.php on line 114
[14-Nov-2025 03:32:11 UTC] PHP Deprecated:  Constant FILTER_SANITIZE_STRING is deprecated in C:\Users\Dell\Local Sites\quotation\app\public\wp-content\plugins\duplicator-pro\src\Core\Controllers\ControllersManager.php on line 120
[14-Nov-2025 03:32:11 UTC] PHP Deprecated:  Constant FILTER_SANITIZE_STRING is deprecated in C:\Users\Dell\Local Sites\quotation\app\public\wp-content\plugins\duplicator-pro\src\Core\Controllers\ControllersManager.php on line 126
[14-Nov-2025 03:32:11 UTC] PHP Deprecated:  Constant FILTER_SANITIZE_STRING is deprecated in C:\Users\Dell\Local Sites\quotation\app\public\wp-content\plugins\duplicator-pro\src\Core\Controllers\ControllersManager.php on line 114
[14-Nov-2025 03:32:11 UTC] PHP Deprecated:  Constant FILTER_SANITIZE_STRING is deprecated in C:\Users\Dell\Local Sites\quotation\app\public\wp-content\plugins\duplicator-pro\src\Core\Controllers\ControllersManager.php on line 120
[14-Nov-2025 03:32:11 UTC] PHP Deprecated:  Constant FILTER_SANITIZE_STRING is deprecated in C:\Users\Dell\Local Sites\quotation\app\public\wp-content\plugins\duplicator-pro\src\Core\Controllers\ControllersManager.php on line 126
[14-Nov-2025 03:32:11 UTC] PHP Deprecated:  Constant FILTER_SANITIZE_STRING is deprecated in C:\Users\Dell\Local Sites\quotation\app\public\wp-content\plugins\duplicator-pro\src\Core\Controllers\ControllersManager.php on line 114
[14-Nov-2025 03:32:11 UTC] PHP Deprecated:  Constant FILTER_SANITIZE_STRING is deprecated in C:\Users\Dell\Local Sites\quotation\app\public\wp-content\plugins\duplicator-pro\src\Core\Controllers\ControllersManager.php on line 120
[14-Nov-2025 03:32:11 UTC] PHP Deprecated:  Constant FILTER_SANITIZE_STRING is deprecated in C:\Users\Dell\Local Sites\quotation\app\public\wp-content\plugins\duplicator-pro\src\Core\Controllers\ControllersManager.php on line 126
[14-Nov-2025 03:32:11 UTC] PHP Deprecated:  Constant FILTER_SANITIZE_STRING is deprecated in C:\Users\Dell\Local Sites\quotation\app\public\wp-content\plugins\duplicator-pro\src\Core\Controllers\ControllersManager.php on line 114
[14-Nov-2025 03:32:11 UTC] PHP Deprecated:  Constant FILTER_SANITIZE_STRING is deprecated in C:\Users\Dell\Local Sites\quotation\app\public\wp-content\plugins\duplicator-pro\src\Core\Controllers\ControllersManager.php on line 120
[14-Nov-2025 03:32:11 UTC] PHP Deprecated:  Constant FILTER_SANITIZE_STRING is deprecated in C:\Users\Dell\Local Sites\quotation\app\public\wp-content\plugins\duplicator-pro\src\Core\Controllers\ControllersManager.php on line 126
[14-Nov-2025 03:32:12 UTC] PHP Deprecated:  Constant FILTER_SANITIZE_STRING is deprecated in C:\Users\Dell\Local Sites\quotation\app\public\wp-content\plugins\duplicator-pro\src\Core\Controllers\ControllersManager.php on line 114
[14-Nov-2025 03:32:12 UTC] PHP Deprecated:  Constant FILTER_SANITIZE_STRING is deprecated in C:\Users\Dell\Local Sites\quotation\app\public\wp-content\plugins\duplicator-pro\src\Core\Controllers\ControllersManager.php on line 120
[14-Nov-2025 03:32:12 UTC] PHP Deprecated:  Constant FILTER_SANITIZE_STRING is deprecated in C:\Users\Dell\Local Sites\quotation\app\public\wp-content\plugins\duplicator-pro\src\Core\Controllers\ControllersManager.php on line 126
[14-Nov-2025 03:32:12 UTC] PHP Deprecated:  Constant FILTER_SANITIZE_STRING is deprecated in C:\Users\Dell\Local Sites\quotation\app\public\wp-content\plugins\duplicator-pro\src\Core\Controllers\ControllersManager.php on line 114
[14-Nov-2025 03:32:12 UTC] PHP Deprecated:  Constant FILTER_SANITIZE_STRING is deprecated in C:\Users\Dell\Local Sites\quotation\app\public\wp-content\plugins\duplicator-pro\src\Core\Controllers\ControllersManager.php on line 120
[14-Nov-2025 03:32:12 UTC] PHP Deprecated:  Constant FILTER_SANITIZE_STRING is deprecated in C:\Users\Dell\Local Sites\quotation\app\public\wp-content\plugins\duplicator-pro\src\Core\Controllers\ControllersManager.php on line 126
[14-Nov-2025 03:32:12 UTC] PHP Deprecated:  Constant FILTER_SANITIZE_STRING is deprecated in C:\Users\Dell\Local Sites\quotation\app\public\wp-content\plugins\duplicator-pro\src\Core\Controllers\ControllersManager.php on line 114
[14-Nov-2025 03:32:12 UTC] PHP Deprecated:  Constant FILTER_SANITIZE_STRING is deprecated in C:\Users\Dell\Local Sites\quotation\app\public\wp-content\plugins\duplicator-pro\src\Core\Controllers\ControllersManager.php on line 120
[14-Nov-2025 03:32:12 UTC] PHP Deprecated:  Constant FILTER_SANITIZE_STRING is deprecated in C:\Users\Dell\Local Sites\quotation\app\public\wp-content\plugins\duplicator-pro\src\Core\Controllers\ControllersManager.php on line 126
[14-Nov-2025 03:32:12 UTC] PHP Deprecated:  Constant FILTER_SANITIZE_STRING is deprecated in C:\Users\Dell\Local Sites\quotation\app\public\wp-content\plugins\duplicator-pro\src\Core\Controllers\ControllersManager.php on line 114
[14-Nov-2025 03:32:12 UTC] PHP Deprecated:  Constant FILTER_SANITIZE_STRING is deprecated in C:\Users\Dell\Local Sites\quotation\app\public\wp-content\plugins\duplicator-pro\src\Core\Controllers\ControllersManager.php on line 120
[14-Nov-2025 03:32:12 UTC] PHP Deprecated:  Constant FILTER_SANITIZE_STRING is deprecated in C:\Users\Dell\Local Sites\quotation\app\public\wp-content\plugins\duplicator-pro\src\Core\Controllers\ControllersManager.php on line 126
[14-Nov-2025 03:32:12 UTC] PHP Deprecated:  Constant FILTER_SANITIZE_STRING is deprecated in C:\Users\Dell\Local Sites\quotation\app\public\wp-content\plugins\duplicator-pro\src\Core\Controllers\ControllersManager.php on line 114
[14-Nov-2025 03:32:12 UTC] PHP Deprecated:  Constant FILTER_SANITIZE_STRING is deprecated in C:\Users\Dell\Local Sites\quotation\app\public\wp-content\plugins\duplicator-pro\src\Core\Controllers\ControllersManager.php on line 120
[14-Nov-2025 03:32:12 UTC] PHP Deprecated:  Constant FILTER_SANITIZE_STRING is deprecated in C:\Users\Dell\Local Sites\quotation\app\public\wp-content\plugins\duplicator-pro\src\Core\Controllers\ControllersManager.php on line 126
[14-Nov-2025 03:32:12 UTC] PHP Deprecated:  Constant FILTER_SANITIZE_STRING is deprecated in C:\Users\Dell\Local Sites\quotation\app\public\wp-content\plugins\duplicator-pro\src\Core\Controllers\ControllersManager.php on line 114
[14-Nov-2025 03:32:12 UTC] PHP Deprecated:  Constant FILTER_SANITIZE_STRING is deprecated in C:\Users\Dell\Local Sites\quotation\app\public\wp-content\plugins\duplicator-pro\src\Core\Controllers\ControllersManager.php on line 120
[14-Nov-2025 03:32:12 UTC] PHP Deprecated:  Constant FILTER_SANITIZE_STRING is deprecated in C:\Users\Dell\Local Sites\quotation\app\public\wp-content\plugins\duplicator-pro\src\Core\Controllers\ControllersManager.php on line 126
[14-Nov-2025 03:32:12 UTC] PHP Deprecated:  Constant FILTER_SANITIZE_STRING is deprecated in C:\Users\Dell\Local Sites\quotation\app\public\wp-content\plugins\duplicator-pro\src\Core\Controllers\ControllersManager.php on line 114
[14-Nov-2025 03:32:12 UTC] PHP Deprecated:  Constant FILTER_SANITIZE_STRING is deprecated in C:\Users\Dell\Local Sites\quotation\app\public\wp-content\plugins\duplicator-pro\src\Core\Controllers\ControllersManager.php on line 120
[14-Nov-2025 03:32:12 UTC] PHP Deprecated:  Constant FILTER_SANITIZE_STRING is deprecated in C:\Users\Dell\Local Sites\quotation\app\public\wp-content\plugins\duplicator-pro\src\Core\Controllers\ControllersManager.php on line 126
[14-Nov-2025 03:32:12 UTC] PHP Deprecated:  Constant FILTER_SANITIZE_STRING is deprecated in C:\Users\Dell\Local Sites\quotation\app\public\wp-content\plugins\duplicator-pro\src\Core\Controllers\ControllersManager.php on line 114
[14-Nov-2025 03:32:12 UTC] PHP Deprecated:  Constant FILTER_SANITIZE_STRING is deprecated in C:\Users\Dell\Local Sites\quotation\app\public\wp-content\plugins\duplicator-pro\src\Core\Controllers\ControllersManager.php on line 120
[14-Nov-2025 03:32:12 UTC] PHP Deprecated:  Constant FILTER_SANITIZE_STRING is deprecated in C:\Users\Dell\Local Sites\quotation\app\public\wp-content\plugins\duplicator-pro\src\Core\Controllers\ControllersManager.php on line 126
[14-Nov-2025 03:32:12 UTC] PHP Deprecated:  Creation of dynamic property UpdraftPlus_BackupModule_onedrive::$test_button is deprecated in C:\Users\Dell\Local Sites\quotation\app\public\wp-content\plugins\updraftplus\methods\addon-base-v2.php on line 41
[14-Nov-2025 03:32:12 UTC] PHP Deprecated:  Creation of dynamic property UpdraftPlus_BackupModule_azure::$test_button is deprecated in C:\Users\Dell\Local Sites\quotation\app\public\wp-content\plugins\updraftplus\methods\addon-base-v2.php on line 41
[14-Nov-2025 03:32:12 UTC] PHP Deprecated:  Creation of dynamic property UpdraftPlus_BackupModule_sftp::$test_button is deprecated in C:\Users\Dell\Local Sites\quotation\app\public\wp-content\plugins\updraftplus\methods\addon-base-v2.php on line 41
[14-Nov-2025 03:32:12 UTC] PHP Deprecated:  Creation of dynamic property UpdraftPlus_BackupModule_googlecloud::$test_button is deprecated in C:\Users\Dell\Local Sites\quotation\app\public\wp-content\plugins\updraftplus\methods\addon-base-v2.php on line 41
[14-Nov-2025 03:32:12 UTC] PHP Deprecated:  Creation of dynamic property UpdraftPlus_BackupModule_backblaze::$test_button is deprecated in C:\Users\Dell\Local Sites\quotation\app\public\wp-content\plugins\updraftplus\methods\addon-base-v2.php on line 41
[14-Nov-2025 03:32:12 UTC] PHP Deprecated:  Creation of dynamic property UpdraftPlus_BackupModule_webdav::$is_supress_initial_remote_404_log is deprecated in C:\Users\Dell\Local Sites\quotation\app\public\wp-content\plugins\updraftplus\addons\webdav.php on line 171
[14-Nov-2025 03:32:12 UTC] PHP Deprecated:  Creation of dynamic property UpdraftPlus_BackupModule_webdav::$desc is deprecated in C:\Users\Dell\Local Sites\quotation\app\public\wp-content\plugins\updraftplus\addons\webdav.php on line 173
[14-Nov-2025 03:32:12 UTC] PHP Deprecated:  Creation of dynamic property UpdraftPlus_BackupModule_updraftvault::$vault_in_config_print is deprecated in C:\Users\Dell\Local Sites\quotation\app\public\wp-content\plugins\updraftplus\methods\updraftvault.php on line 335
[14-Nov-2025 03:32:12 UTC] PHP Deprecated:  urldecode(): Passing null to parameter #1 ($string) of type string is deprecated in C:\Users\Dell\Local Sites\quotation\app\public\wp-content\plugins\updraftplus\addons\webdav.php on line 447
[14-Nov-2025 03:32:12 UTC] PHP Deprecated:  urldecode(): Passing null to parameter #1 ($string) of type string is deprecated in C:\Users\Dell\Local Sites\quotation\app\public\wp-content\plugins\updraftplus\addons\webdav.php on line 448
[14-Nov-2025 03:32:12 UTC] PHP Deprecated:  urldecode(): Passing null to parameter #1 ($string) of type string is deprecated in C:\Users\Dell\Local Sites\quotation\app\public\wp-content\plugins\updraftplus\addons\webdav.php on line 449
[14-Nov-2025 03:32:12 UTC] PHP Deprecated:  urldecode(): Passing null to parameter #1 ($string) of type string is deprecated in C:\Users\Dell\Local Sites\quotation\app\public\wp-content\plugins\updraftplus\addons\webdav.php on line 447
[14-Nov-2025 03:32:12 UTC] PHP Deprecated:  urldecode(): Passing null to parameter #1 ($string) of type string is deprecated in C:\Users\Dell\Local Sites\quotation\app\public\wp-content\plugins\updraftplus\addons\webdav.php on line 448
[14-Nov-2025 03:32:12 UTC] PHP Deprecated:  urldecode(): Passing null to parameter #1 ($string) of type string is deprecated in C:\Users\Dell\Local Sites\quotation\app\public\wp-content\plugins\updraftplus\addons\webdav.php on line 449
[14-Nov-2025 03:32:13 UTC] PHP Notice:  Function _load_textdomain_just_in_time was called <strong>incorrectly</strong>. Translation loading for the <code>fl-builder</code> domain was triggered too early. This is usually an indicator for some code in the plugin or theme running too early. Translations should be loaded at the <code>init</code> action or later. Please see <a href="https://developer.wordpress.org/advanced-administration/debug/debug-wordpress/">Debugging in WordPress</a> for more information. (This message was added in version 6.7.0.) in C:\Users\Dell\Local Sites\quotation\app\public\wp-includes\functions.php on line 6121
[14-Nov-2025 03:32:13 UTC] PHP Deprecated:  Return type of DUP_PRO_DB_Build_Iterator::current() should either be compatible with Iterator::current(): mixed, or the #[\ReturnTypeWillChange] attribute should be used to temporarily suppress the notice in C:\Users\Dell\Local Sites\quotation\app\public\wp-content\plugins\duplicator-pro\classes\package\class.pack.database.build.iterator.php on line 378
[14-Nov-2025 03:32:13 UTC] PHP Deprecated:  Return type of DUP_PRO_DB_Build_Iterator::next() should either be compatible with Iterator::next(): void, or the #[\ReturnTypeWillChange] attribute should be used to temporarily suppress the notice in C:\Users\Dell\Local Sites\quotation\app\public\wp-content\plugins\duplicator-pro\classes\package\class.pack.database.build.iterator.php on line 290
[14-Nov-2025 03:32:13 UTC] PHP Deprecated:  Return type of DUP_PRO_DB_Build_Iterator::key() should either be compatible with Iterator::key(): mixed, or the #[\ReturnTypeWillChange] attribute should be used to temporarily suppress the notice in C:\Users\Dell\Local Sites\quotation\app\public\wp-content\plugins\duplicator-pro\classes\package\class.pack.database.build.iterator.php on line 441
[14-Nov-2025 03:32:13 UTC] PHP Deprecated:  Return type of DUP_PRO_DB_Build_Iterator::valid() should either be compatible with Iterator::valid(): bool, or the #[\ReturnTypeWillChange] attribute should be used to temporarily suppress the notice in C:\Users\Dell\Local Sites\quotation\app\public\wp-content\plugins\duplicator-pro\classes\package\class.pack.database.build.iterator.php on line 369
[14-Nov-2025 03:32:13 UTC] PHP Deprecated:  Return type of DUP_PRO_DB_Build_Iterator::rewind() should either be compatible with Iterator::rewind(): void, or the #[\ReturnTypeWillChange] attribute should be used to temporarily suppress the notice in C:\Users\Dell\Local Sites\quotation\app\public\wp-content\plugins\duplicator-pro\classes\package\class.pack.database.build.iterator.php on line 227
[14-Nov-2025 03:32:13 UTC] PHP Deprecated:  Creation of dynamic property UpdraftPlus_Addon_Reporting::$log_ident is deprecated in C:\Users\Dell\Local Sites\quotation\app\public\wp-content\plugins\updraftplus\addons\reporting.php on line 49
[14-Nov-2025 03:32:13 UTC] PHP Deprecated:  Creation of dynamic property UpdraftPlus_Addon_Reporting::$log_facility is deprecated in C:\Users\Dell\Local Sites\quotation\app\public\wp-content\plugins\updraftplus\addons\reporting.php on line 50
[14-Nov-2025 03:32:13 UTC] PHP Deprecated:  Creation of dynamic property UpdraftPlusAddons2::$plugin_file is deprecated in C:\Users\Dell\Local Sites\quotation\app\public\wp-content\plugins\updraftplus\udaddons\updraftplus-addons.php on line 70
[14-Nov-2025 03:32:13 UTC] PHP Notice:  Function _load_textdomain_just_in_time was called <strong>incorrectly</strong>. Translation loading for the <code>wp-migrate-db</code> domain was triggered too early. This is usually an indicator for some code in the plugin or theme running too early. Translations should be loaded at the <code>init</code> action or later. Please see <a href="https://developer.wordpress.org/advanced-administration/debug/debug-wordpress/">Debugging in WordPress</a> for more information. (This message was added in version 6.7.0.) in C:\Users\Dell\Local Sites\quotation\app\public\wp-includes\functions.php on line 6121
[14-Nov-2025 03:32:13 UTC] PHP Deprecated:  Creation of dynamic property DUP_PRO_Global_Entity::$notices is deprecated in C:\Users\Dell\Local Sites\quotation\app\public\wp-content\plugins\duplicator-pro\classes\entities\class.json.entity.base.php on line 264
[14-Nov-2025 03:32:13 UTC] PHP Notice:  Function _load_textdomain_just_in_time was called <strong>incorrectly</strong>. Translation loading for the <code>updraftplus</code> domain was triggered too early. This is usually an indicator for some code in the plugin or theme running too early. Translations should be loaded at the <code>init</code> action or later. Please see <a href="https://developer.wordpress.org/advanced-administration/debug/debug-wordpress/">Debugging in WordPress</a> for more information. (This message was added in version 6.7.0.) in C:\Users\Dell\Local Sites\quotation\app\public\wp-includes\functions.php on line 6121
[14-Nov-2025 03:32:13 UTC] PHP Deprecated:  Creation of dynamic property UpdraftPlus_Addon_CloudFilesEnhanced::$title is deprecated in C:\Users\Dell\Local Sites\quotation\app\public\wp-content\plugins\updraftplus\addons\cloudfiles-enhanced.php on line 37
[14-Nov-2025 03:32:13 UTC] PHP Deprecated:  Creation of dynamic property UpdraftPlus_Addon_CloudFilesEnhanced::$description is deprecated in C:\Users\Dell\Local Sites\quotation\app\public\wp-content\plugins\updraftplus\addons\cloudfiles-enhanced.php on line 38
[14-Nov-2025 03:32:13 UTC] PHP Notice:  Function _load_textdomain_just_in_time was called <strong>incorrectly</strong>. Translation loading for the <code>updraftplus</code> domain was triggered too early. This is usually an indicator for some code in the plugin or theme running too early. Translations should be loaded at the <code>init</code> action or later. Please see <a href="https://developer.wordpress.org/advanced-administration/debug/debug-wordpress/">Debugging in WordPress</a> for more information. (This message was added in version 6.7.0.) in C:\Users\Dell\Local Sites\quotation\app\public\wp-includes\functions.php on line 6121
[14-Nov-2025 03:32:13 UTC] PHP Notice:  Function _load_textdomain_just_in_time was called <strong>incorrectly</strong>. Translation loading for the <code>astra</code> domain was triggered too early. This is usually an indicator for some code in the plugin or theme running too early. Translations should be loaded at the <code>init</code> action or later. Please see <a href="https://developer.wordpress.org/advanced-administration/debug/debug-wordpress/">Debugging in WordPress</a> for more information. (This message was added in version 6.7.0.) in C:\Users\Dell\Local Sites\quotation\app\public\wp-includes\functions.php on line 6121
[14-Nov-2025 03:32:13 UTC] PHP Deprecated:  Creation of dynamic property LOGINPRESS_PRO_SL_Plugin_Updater::$beta is deprecated in C:\Users\Dell\Local Sites\quotation\app\public\wp-content\plugins\loginpress-pro\lib\LOGINPRESS_PRO_SL_Plugin_Updater.php on line 42
[14-Nov-2025 03:32:13 UTC] PHP Deprecated:  Creation of dynamic property Puc_v4p11_Plugin_Update::$x-spm-subscription-active is deprecated in C:\Users\Dell\Local Sites\quotation\app\public\wp-content\plugins\updraftplus\vendor\yahnis-elsts\plugin-update-checker\Puc\v4p11\Metadata.php on line 111
[14-Nov-2025 03:32:15 UTC] PHP Notice:  Function _load_textdomain_just_in_time was called <strong>incorrectly</strong>. Translation loading for the <code>fl-builder</code> domain was triggered too early. This is usually an indicator for some code in the plugin or theme running too early. Translations should be loaded at the <code>init</code> action or later. Please see <a href="https://developer.wordpress.org/advanced-administration/debug/debug-wordpress/">Debugging in WordPress</a> for more information. (This message was added in version 6.7.0.) in C:\Users\Dell\Local Sites\quotation\app\public\wp-includes\functions.php on line 6121
[14-Nov-2025 03:32:15 UTC] PHP Deprecated:  Creation of dynamic property UpdraftPlus_Addon_Reporting::$log_ident is deprecated in C:\Users\Dell\Local Sites\quotation\app\public\wp-content\plugins\updraftplus\addons\reporting.php on line 49
[14-Nov-2025 03:32:15 UTC] PHP Deprecated:  Creation of dynamic property UpdraftPlus_Addon_Reporting::$log_facility is deprecated in C:\Users\Dell\Local Sites\quotation\app\public\wp-content\plugins\updraftplus\addons\reporting.php on line 50
[14-Nov-2025 03:32:15 UTC] PHP Deprecated:  Creation of dynamic property UpdraftPlusAddons2::$plugin_file is deprecated in C:\Users\Dell\Local Sites\quotation\app\public\wp-content\plugins\updraftplus\udaddons\updraftplus-addons.php on line 70
[14-Nov-2025 03:32:15 UTC] PHP Notice:  Function _load_textdomain_just_in_time was called <strong>incorrectly</strong>. Translation loading for the <code>wp-migrate-db</code> domain was triggered too early. This is usually an indicator for some code in the plugin or theme running too early. Translations should be loaded at the <code>init</code> action or later. Please see <a href="https://developer.wordpress.org/advanced-administration/debug/debug-wordpress/">Debugging in WordPress</a> for more information. (This message was added in version 6.7.0.) in C:\Users\Dell\Local Sites\quotation\app\public\wp-includes\functions.php on line 6121
[14-Nov-2025 03:32:15 UTC] PHP Notice:  Function _load_textdomain_just_in_time was called <strong>incorrectly</strong>. Translation loading for the <code>updraftplus</code> domain was triggered too early. This is usually an indicator for some code in the plugin or theme running too early. Translations should be loaded at the <code>init</code> action or later. Please see <a href="https://developer.wordpress.org/advanced-administration/debug/debug-wordpress/">Debugging in WordPress</a> for more information. (This message was added in version 6.7.0.) in C:\Users\Dell\Local Sites\quotation\app\public\wp-includes\functions.php on line 6121
[14-Nov-2025 03:32:15 UTC] PHP Deprecated:  Creation of dynamic property UpdraftPlus_Addon_CloudFilesEnhanced::$title is deprecated in C:\Users\Dell\Local Sites\quotation\app\public\wp-content\plugins\updraftplus\addons\cloudfiles-enhanced.php on line 37
[14-Nov-2025 03:32:15 UTC] PHP Deprecated:  Creation of dynamic property UpdraftPlus_Addon_CloudFilesEnhanced::$description is deprecated in C:\Users\Dell\Local Sites\quotation\app\public\wp-content\plugins\updraftplus\addons\cloudfiles-enhanced.php on line 38
[14-Nov-2025 03:32:15 UTC] PHP Notice:  Function _load_textdomain_just_in_time was called <strong>incorrectly</strong>. Translation loading for the <code>updraftplus</code> domain was triggered too early. This is usually an indicator for some code in the plugin or theme running too early. Translations should be loaded at the <code>init</code> action or later. Please see <a href="https://developer.wordpress.org/advanced-administration/debug/debug-wordpress/">Debugging in WordPress</a> for more information. (This message was added in version 6.7.0.) in C:\Users\Dell\Local Sites\quotation\app\public\wp-includes\functions.php on line 6121
[14-Nov-2025 03:32:15 UTC] PHP Notice:  Function _load_textdomain_just_in_time was called <strong>incorrectly</strong>. Translation loading for the <code>astra</code> domain was triggered too early. This is usually an indicator for some code in the plugin or theme running too early. Translations should be loaded at the <code>init</code> action or later. Please see <a href="https://developer.wordpress.org/advanced-administration/debug/debug-wordpress/">Debugging in WordPress</a> for more information. (This message was added in version 6.7.0.) in C:\Users\Dell\Local Sites\quotation\app\public\wp-includes\functions.php on line 6121
[14-Nov-2025 03:32:16 UTC] PHP Deprecated:  Return type of DUP_PRO_DB_Build_Iterator::current() should either be compatible with Iterator::current(): mixed, or the #[\ReturnTypeWillChange] attribute should be used to temporarily suppress the notice in C:\Users\Dell\Local Sites\quotation\app\public\wp-content\plugins\duplicator-pro\classes\package\class.pack.database.build.iterator.php on line 378
[14-Nov-2025 03:32:16 UTC] PHP Deprecated:  Return type of DUP_PRO_DB_Build_Iterator::next() should either be compatible with Iterator::next(): void, or the #[\ReturnTypeWillChange] attribute should be used to temporarily suppress the notice in C:\Users\Dell\Local Sites\quotation\app\public\wp-content\plugins\duplicator-pro\classes\package\class.pack.database.build.iterator.php on line 290
[14-Nov-2025 03:32:16 UTC] PHP Deprecated:  Return type of DUP_PRO_DB_Build_Iterator::key() should either be compatible with Iterator::key(): mixed, or the #[\ReturnTypeWillChange] attribute should be used to temporarily suppress the notice in C:\Users\Dell\Local Sites\quotation\app\public\wp-content\plugins\duplicator-pro\classes\package\class.pack.database.build.iterator.php on line 441
[14-Nov-2025 03:32:16 UTC] PHP Deprecated:  Return type of DUP_PRO_DB_Build_Iterator::valid() should either be compatible with Iterator::valid(): bool, or the #[\ReturnTypeWillChange] attribute should be used to temporarily suppress the notice in C:\Users\Dell\Local Sites\quotation\app\public\wp-content\plugins\duplicator-pro\classes\package\class.pack.database.build.iterator.php on line 369
[14-Nov-2025 03:32:16 UTC] PHP Deprecated:  Return type of DUP_PRO_DB_Build_Iterator::rewind() should either be compatible with Iterator::rewind(): void, or the #[\ReturnTypeWillChange] attribute should be used to temporarily suppress the notice in C:\Users\Dell\Local Sites\quotation\app\public\wp-content\plugins\duplicator-pro\classes\package\class.pack.database.build.iterator.php on line 227
[14-Nov-2025 03:32:16 UTC] PHP Deprecated:  Creation of dynamic property Puc_v4p11_Plugin_Update::$x-spm-subscription-active is deprecated in C:\Users\Dell\Local Sites\quotation\app\public\wp-content\plugins\updraftplus\vendor\yahnis-elsts\plugin-update-checker\Puc\v4p11\Metadata.php on line 111
[14-Nov-2025 03:32:16 UTC] PHP Parse error:  syntax error, unexpected token "<<" in C:\Users\Dell\Local Sites\quotation\app\public\wp-content\plugins\Quotation-Local-Tan-V.2\templates\quote-generator-form.php on line 70
[14-Nov-2025 03:33:02 UTC] PHP Notice:  Function _load_textdomain_just_in_time was called <strong>incorrectly</strong>. Translation loading for the <code>fl-builder</code> domain was triggered too early. This is usually an indicator for some code in the plugin or theme running too early. Translations should be loaded at the <code>init</code> action or later. Please see <a href="https://developer.wordpress.org/advanced-administration/debug/debug-wordpress/">Debugging in WordPress</a> for more information. (This message was added in version 6.7.0.) in C:\Users\Dell\Local Sites\quotation\app\public\wp-includes\functions.php on line 6121
[14-Nov-2025 03:33:02 UTC] PHP Deprecated:  Creation of dynamic property UpdraftPlus_Addon_Reporting::$log_ident is deprecated in C:\Users\Dell\Local Sites\quotation\app\public\wp-content\plugins\updraftplus\addons\reporting.php on line 49
[14-Nov-2025 03:33:02 UTC] PHP Deprecated:  Creation of dynamic property UpdraftPlus_Addon_Reporting::$log_facility is deprecated in C:\Users\Dell\Local Sites\quotation\app\public\wp-content\plugins\updraftplus\addons\reporting.php on line 50
[14-Nov-2025 03:33:02 UTC] PHP Deprecated:  Creation of dynamic property UpdraftPlusAddons2::$plugin_file is deprecated in C:\Users\Dell\Local Sites\quotation\app\public\wp-content\plugins\updraftplus\udaddons\updraftplus-addons.php on line 70
[14-Nov-2025 03:33:02 UTC] PHP Notice:  Function _load_textdomain_just_in_time was called <strong>incorrectly</strong>. Translation loading for the <code>wp-migrate-db</code> domain was triggered too early. This is usually an indicator for some code in the plugin or theme running too early. Translations should be loaded at the <code>init</code> action or later. Please see <a href="https://developer.wordpress.org/advanced-administration/debug/debug-wordpress/">Debugging in WordPress</a> for more information. (This message was added in version 6.7.0.) in C:\Users\Dell\Local Sites\quotation\app\public\wp-includes\functions.php on line 6121
[14-Nov-2025 03:33:02 UTC] PHP Notice:  Function _load_textdomain_just_in_time was called <strong>incorrectly</strong>. Translation loading for the <code>updraftplus</code> domain was triggered too early. This is usually an indicator for some code in the plugin or theme running too early. Translations should be loaded at the <code>init</code> action or later. Please see <a href="https://developer.wordpress.org/advanced-administration/debug/debug-wordpress/">Debugging in WordPress</a> for more information. (This message was added in version 6.7.0.) in C:\Users\Dell\Local Sites\quotation\app\public\wp-includes\functions.php on line 6121
[14-Nov-2025 03:33:02 UTC] PHP Deprecated:  Creation of dynamic property UpdraftPlus_Addon_CloudFilesEnhanced::$title is deprecated in C:\Users\Dell\Local Sites\quotation\app\public\wp-content\plugins\updraftplus\addons\cloudfiles-enhanced.php on line 37
[14-Nov-2025 03:33:02 UTC] PHP Deprecated:  Creation of dynamic property UpdraftPlus_Addon_CloudFilesEnhanced::$description is deprecated in C:\Users\Dell\Local Sites\quotation\app\public\wp-content\plugins\updraftplus\addons\cloudfiles-enhanced.php on line 38
[14-Nov-2025 03:33:02 UTC] PHP Notice:  Function _load_textdomain_just_in_time was called <strong>incorrectly</strong>. Translation loading for the <code>updraftplus</code> domain was triggered too early. This is usually an indicator for some code in the plugin or theme running too early. Translations should be loaded at the <code>init</code> action or later. Please see <a href="https://developer.wordpress.org/advanced-administration/debug/debug-wordpress/">Debugging in WordPress</a> for more information. (This message was added in version 6.7.0.) in C:\Users\Dell\Local Sites\quotation\app\public\wp-includes\functions.php on line 6121
[14-Nov-2025 03:33:02 UTC] PHP Notice:  Function _load_textdomain_just_in_time was called <strong>incorrectly</strong>. Translation loading for the <code>astra</code> domain was triggered too early. This is usually an indicator for some code in the plugin or theme running too early. Translations should be loaded at the <code>init</code> action or later. Please see <a href="https://developer.wordpress.org/advanced-administration/debug/debug-wordpress/">Debugging in WordPress</a> for more information. (This message was added in version 6.7.0.) in C:\Users\Dell\Local Sites\quotation\app\public\wp-includes\functions.php on line 6121
[14-Nov-2025 03:33:02 UTC] PHP Deprecated:  Return type of DUP_PRO_DB_Build_Iterator::current() should either be compatible with Iterator::current(): mixed, or the #[\ReturnTypeWillChange] attribute should be used to temporarily suppress the notice in C:\Users\Dell\Local Sites\quotation\app\public\wp-content\plugins\duplicator-pro\classes\package\class.pack.database.build.iterator.php on line 378
[14-Nov-2025 03:33:02 UTC] PHP Deprecated:  Return type of DUP_PRO_DB_Build_Iterator::next() should either be compatible with Iterator::next(): void, or the #[\ReturnTypeWillChange] attribute should be used to temporarily suppress the notice in C:\Users\Dell\Local Sites\quotation\app\public\wp-content\plugins\duplicator-pro\classes\package\class.pack.database.build.iterator.php on line 290
[14-Nov-2025 03:33:02 UTC] PHP Deprecated:  Return type of DUP_PRO_DB_Build_Iterator::key() should either be compatible with Iterator::key(): mixed, or the #[\ReturnTypeWillChange] attribute should be used to temporarily suppress the notice in C:\Users\Dell\Local Sites\quotation\app\public\wp-content\plugins\duplicator-pro\classes\package\class.pack.database.build.iterator.php on line 441
[14-Nov-2025 03:33:02 UTC] PHP Deprecated:  Return type of DUP_PRO_DB_Build_Iterator::valid() should either be compatible with Iterator::valid(): bool, or the #[\ReturnTypeWillChange] attribute should be used to temporarily suppress the notice in C:\Users\Dell\Local Sites\quotation\app\public\wp-content\plugins\duplicator-pro\classes\package\class.pack.database.build.iterator.php on line 369
[14-Nov-2025 03:33:02 UTC] PHP Deprecated:  Return type of DUP_PRO_DB_Build_Iterator::rewind() should either be compatible with Iterator::rewind(): void, or the #[\ReturnTypeWillChange] attribute should be used to temporarily suppress the notice in C:\Users\Dell\Local Sites\quotation\app\public\wp-content\plugins\duplicator-pro\classes\package\class.pack.database.build.iterator.php on line 227
[14-Nov-2025 03:33:02 UTC] PHP Deprecated:  Creation of dynamic property DUP_PRO_Global_Entity::$notices is deprecated in C:\Users\Dell\Local Sites\quotation\app\public\wp-content\plugins\duplicator-pro\classes\entities\class.json.entity.base.php on line 264
[14-Nov-2025 03:33:12 UTC] PHP Notice:  Function _load_textdomain_just_in_time was called <strong>incorrectly</strong>. Translation loading for the <code>fl-builder</code> domain was triggered too early. This is usually an indicator for some code in the plugin or theme running too early. Translations should be loaded at the <code>init</code> action or later. Please see <a href="https://developer.wordpress.org/advanced-administration/debug/debug-wordpress/">Debugging in WordPress</a> for more information. (This message was added in version 6.7.0.) in C:\Users\Dell\Local Sites\quotation\app\public\wp-includes\functions.php on line 6121
[14-Nov-2025 03:33:12 UTC] PHP Deprecated:  Creation of dynamic property UpdraftPlus_Addon_Reporting::$log_ident is deprecated in C:\Users\Dell\Local Sites\quotation\app\public\wp-content\plugins\updraftplus\addons\reporting.php on line 49
[14-Nov-2025 03:33:12 UTC] PHP Deprecated:  Creation of dynamic property UpdraftPlus_Addon_Reporting::$log_facility is deprecated in C:\Users\Dell\Local Sites\quotation\app\public\wp-content\plugins\updraftplus\addons\reporting.php on line 50
[14-Nov-2025 03:33:12 UTC] PHP Deprecated:  Creation of dynamic property UpdraftPlusAddons2::$plugin_file is deprecated in C:\Users\Dell\Local Sites\quotation\app\public\wp-content\plugins\updraftplus\udaddons\updraftplus-addons.php on line 70
[14-Nov-2025 03:33:12 UTC] PHP Notice:  Function _load_textdomain_just_in_time was called <strong>incorrectly</strong>. Translation loading for the <code>wp-migrate-db</code> domain was triggered too early. This is usually an indicator for some code in the plugin or theme running too early. Translations should be loaded at the <code>init</code> action or later. Please see <a href="https://developer.wordpress.org/advanced-administration/debug/debug-wordpress/">Debugging in WordPress</a> for more information. (This message was added in version 6.7.0.) in C:\Users\Dell\Local Sites\quotation\app\public\wp-includes\functions.php on line 6121
[14-Nov-2025 03:33:12 UTC] PHP Notice:  Function _load_textdomain_just_in_time was called <strong>incorrectly</strong>. Translation loading for the <code>updraftplus</code> domain was triggered too early. This is usually an indicator for some code in the plugin or theme running too early. Translations should be loaded at the <code>init</code> action or later. Please see <a href="https://developer.wordpress.org/advanced-administration/debug/debug-wordpress/">Debugging in WordPress</a> for more information. (This message was added in version 6.7.0.) in C:\Users\Dell\Local Sites\quotation\app\public\wp-includes\functions.php on line 6121
[14-Nov-2025 03:33:12 UTC] PHP Deprecated:  Creation of dynamic property UpdraftPlus_Addon_CloudFilesEnhanced::$title is deprecated in C:\Users\Dell\Local Sites\quotation\app\public\wp-content\plugins\updraftplus\addons\cloudfiles-enhanced.php on line 37
[14-Nov-2025 03:33:12 UTC] PHP Deprecated:  Creation of dynamic property UpdraftPlus_Addon_CloudFilesEnhanced::$description is deprecated in C:\Users\Dell\Local Sites\quotation\app\public\wp-content\plugins\updraftplus\addons\cloudfiles-enhanced.php on line 38
[14-Nov-2025 03:33:12 UTC] PHP Notice:  Function _load_textdomain_just_in_time was called <strong>incorrectly</strong>. Translation loading for the <code>updraftplus</code> domain was triggered too early. This is usually an indicator for some code in the plugin or theme running too early. Translations should be loaded at the <code>init</code> action or later. Please see <a href="https://developer.wordpress.org/advanced-administration/debug/debug-wordpress/">Debugging in WordPress</a> for more information. (This message was added in version 6.7.0.) in C:\Users\Dell\Local Sites\quotation\app\public\wp-includes\functions.php on line 6121
[14-Nov-2025 03:33:12 UTC] PHP Notice:  Function _load_textdomain_just_in_time was called <strong>incorrectly</strong>. Translation loading for the <code>astra</code> domain was triggered too early. This is usually an indicator for some code in the plugin or theme running too early. Translations should be loaded at the <code>init</code> action or later. Please see <a href="https://developer.wordpress.org/advanced-administration/debug/debug-wordpress/">Debugging in WordPress</a> for more information. (This message was added in version 6.7.0.) in C:\Users\Dell\Local Sites\quotation\app\public\wp-includes\functions.php on line 6121
[14-Nov-2025 03:33:13 UTC] PHP Deprecated:  Return type of DUP_PRO_DB_Build_Iterator::current() should either be compatible with Iterator::current(): mixed, or the #[\ReturnTypeWillChange] attribute should be used to temporarily suppress the notice in C:\Users\Dell\Local Sites\quotation\app\public\wp-content\plugins\duplicator-pro\classes\package\class.pack.database.build.iterator.php on line 378
[14-Nov-2025 03:33:13 UTC] PHP Deprecated:  Return type of DUP_PRO_DB_Build_Iterator::next() should either be compatible with Iterator::next(): void, or the #[\ReturnTypeWillChange] attribute should be used to temporarily suppress the notice in C:\Users\Dell\Local Sites\quotation\app\public\wp-content\plugins\duplicator-pro\classes\package\class.pack.database.build.iterator.php on line 290
[14-Nov-2025 03:33:13 UTC] PHP Deprecated:  Return type of DUP_PRO_DB_Build_Iterator::key() should either be compatible with Iterator::key(): mixed, or the #[\ReturnTypeWillChange] attribute should be used to temporarily suppress the notice in C:\Users\Dell\Local Sites\quotation\app\public\wp-content\plugins\duplicator-pro\classes\package\class.pack.database.build.iterator.php on line 441
[14-Nov-2025 03:33:13 UTC] PHP Deprecated:  Return type of DUP_PRO_DB_Build_Iterator::valid() should either be compatible with Iterator::valid(): bool, or the #[\ReturnTypeWillChange] attribute should be used to temporarily suppress the notice in C:\Users\Dell\Local Sites\quotation\app\public\wp-content\plugins\duplicator-pro\classes\package\class.pack.database.build.iterator.php on line 369
[14-Nov-2025 03:33:13 UTC] PHP Deprecated:  Return type of DUP_PRO_DB_Build_Iterator::rewind() should either be compatible with Iterator::rewind(): void, or the #[\ReturnTypeWillChange] attribute should be used to temporarily suppress the notice in C:\Users\Dell\Local Sites\quotation\app\public\wp-content\plugins\duplicator-pro\classes\package\class.pack.database.build.iterator.php on line 227
[14-Nov-2025 03:33:13 UTC] PHP Deprecated:  Creation of dynamic property Puc_v4p11_Plugin_Update::$x-spm-subscription-active is deprecated in C:\Users\Dell\Local Sites\quotation\app\public\wp-content\plugins\updraftplus\vendor\yahnis-elsts\plugin-update-checker\Puc\v4p11\Metadata.php on line 111
[14-Nov-2025 03:33:13 UTC] PHP Parse error:  syntax error, unexpected token "<<" in C:\Users\Dell\Local Sites\quotation\app\public\wp-content\plugins\Quotation-Local-Tan-V.2\templates\quote-generator-form.php on line 70
[14-Nov-2025 03:33:13 UTC] PHP Notice:  Function _load_textdomain_just_in_time was called <strong>incorrectly</strong>. Translation loading for the <code>fl-builder</code> domain was triggered too early. This is usually an indicator for some code in the plugin or theme running too early. Translations should be loaded at the <code>init</code> action or later. Please see <a href="https://developer.wordpress.org/advanced-administration/debug/debug-wordpress/">Debugging in WordPress</a> for more information. (This message was added in version 6.7.0.) in C:\Users\Dell\Local Sites\quotation\app\public\wp-includes\functions.php on line 6121
[14-Nov-2025 03:33:13 UTC] PHP Deprecated:  Creation of dynamic property UpdraftPlus_Addon_Reporting::$log_ident is deprecated in C:\Users\Dell\Local Sites\quotation\app\public\wp-content\plugins\updraftplus\addons\reporting.php on line 49
[14-Nov-2025 03:33:13 UTC] PHP Deprecated:  Creation of dynamic property UpdraftPlus_Addon_Reporting::$log_facility is deprecated in C:\Users\Dell\Local Sites\quotation\app\public\wp-content\plugins\updraftplus\addons\reporting.php on line 50
[14-Nov-2025 03:33:13 UTC] PHP Deprecated:  Creation of dynamic property UpdraftPlusAddons2::$plugin_file is deprecated in C:\Users\Dell\Local Sites\quotation\app\public\wp-content\plugins\updraftplus\udaddons\updraftplus-addons.php on line 70
[14-Nov-2025 03:33:13 UTC] PHP Notice:  Function _load_textdomain_just_in_time was called <strong>incorrectly</strong>. Translation loading for the <code>wp-migrate-db</code> domain was triggered too early. This is usually an indicator for some code in the plugin or theme running too early. Translations should be loaded at the <code>init</code> action or later. Please see <a href="https://developer.wordpress.org/advanced-administration/debug/debug-wordpress/">Debugging in WordPress</a> for more information. (This message was added in version 6.7.0.) in C:\Users\Dell\Local Sites\quotation\app\public\wp-includes\functions.php on line 6121
[14-Nov-2025 03:33:13 UTC] PHP Notice:  Function _load_textdomain_just_in_time was called <strong>incorrectly</strong>. Translation loading for the <code>updraftplus</code> domain was triggered too early. This is usually an indicator for some code in the plugin or theme running too early. Translations should be loaded at the <code>init</code> action or later. Please see <a href="https://developer.wordpress.org/advanced-administration/debug/debug-wordpress/">Debugging in WordPress</a> for more information. (This message was added in version 6.7.0.) in C:\Users\Dell\Local Sites\quotation\app\public\wp-includes\functions.php on line 6121
[14-Nov-2025 03:33:13 UTC] PHP Deprecated:  Creation of dynamic property UpdraftPlus_Addon_CloudFilesEnhanced::$title is deprecated in C:\Users\Dell\Local Sites\quotation\app\public\wp-content\plugins\updraftplus\addons\cloudfiles-enhanced.php on line 37
[14-Nov-2025 03:33:13 UTC] PHP Deprecated:  Creation of dynamic property UpdraftPlus_Addon_CloudFilesEnhanced::$description is deprecated in C:\Users\Dell\Local Sites\quotation\app\public\wp-content\plugins\updraftplus\addons\cloudfiles-enhanced.php on line 38
[14-Nov-2025 03:33:13 UTC] PHP Notice:  Function _load_textdomain_just_in_time was called <strong>incorrectly</strong>. Translation loading for the <code>updraftplus</code> domain was triggered too early. This is usually an indicator for some code in the plugin or theme running too early. Translations should be loaded at the <code>init</code> action or later. Please see <a href="https://developer.wordpress.org/advanced-administration/debug/debug-wordpress/">Debugging in WordPress</a> for more information. (This message was added in version 6.7.0.) in C:\Users\Dell\Local Sites\quotation\app\public\wp-includes\functions.php on line 6121
[14-Nov-2025 03:33:13 UTC] PHP Notice:  Function _load_textdomain_just_in_time was called <strong>incorrectly</strong>. Translation loading for the <code>astra</code> domain was triggered too early. This is usually an indicator for some code in the plugin or theme running too early. Translations should be loaded at the <code>init</code> action or later. Please see <a href="https://developer.wordpress.org/advanced-administration/debug/debug-wordpress/">Debugging in WordPress</a> for more information. (This message was added in version 6.7.0.) in C:\Users\Dell\Local Sites\quotation\app\public\wp-includes\functions.php on line 6121
[14-Nov-2025 03:33:13 UTC] PHP Deprecated:  Return type of DUP_PRO_DB_Build_Iterator::current() should either be compatible with Iterator::current(): mixed, or the #[\ReturnTypeWillChange] attribute should be used to temporarily suppress the notice in C:\Users\Dell\Local Sites\quotation\app\public\wp-content\plugins\duplicator-pro\classes\package\class.pack.database.build.iterator.php on line 378
[14-Nov-2025 03:33:13 UTC] PHP Deprecated:  Return type of DUP_PRO_DB_Build_Iterator::next() should either be compatible with Iterator::next(): void, or the #[\ReturnTypeWillChange] attribute should be used to temporarily suppress the notice in C:\Users\Dell\Local Sites\quotation\app\public\wp-content\plugins\duplicator-pro\classes\package\class.pack.database.build.iterator.php on line 290
[14-Nov-2025 03:33:13 UTC] PHP Deprecated:  Return type of DUP_PRO_DB_Build_Iterator::key() should either be compatible with Iterator::key(): mixed, or the #[\ReturnTypeWillChange] attribute should be used to temporarily suppress the notice in C:\Users\Dell\Local Sites\quotation\app\public\wp-content\plugins\duplicator-pro\classes\package\class.pack.database.build.iterator.php on line 441
[14-Nov-2025 03:33:13 UTC] PHP Deprecated:  Return type of DUP_PRO_DB_Build_Iterator::valid() should either be compatible with Iterator::valid(): bool, or the #[\ReturnTypeWillChange] attribute should be used to temporarily suppress the notice in C:\Users\Dell\Local Sites\quotation\app\public\wp-content\plugins\duplicator-pro\classes\package\class.pack.database.build.iterator.php on line 369
[14-Nov-2025 03:33:13 UTC] PHP Deprecated:  Return type of DUP_PRO_DB_Build_Iterator::rewind() should either be compatible with Iterator::rewind(): void, or the #[\ReturnTypeWillChange] attribute should be used to temporarily suppress the notice in C:\Users\Dell\Local Sites\quotation\app\public\wp-content\plugins\duplicator-pro\classes\package\class.pack.database.build.iterator.php on line 227
[14-Nov-2025 03:33:13 UTC] PHP Warning:  Cannot modify header information - headers already sent by (output started at C:\Users\Dell\Local Sites\quotation\app\public\wp-includes\functions.php:6121) in C:\Users\Dell\Local Sites\quotation\app\public\wp-includes\pluggable.php on line 1450
[14-Nov-2025 03:33:13 UTC] PHP Warning:  Cannot modify header information - headers already sent by (output started at C:\Users\Dell\Local Sites\quotation\app\public\wp-includes\functions.php:6121) in C:\Users\Dell\Local Sites\quotation\app\public\wp-includes\pluggable.php on line 1453
[14-Nov-2025 03:33:14 UTC] PHP Notice:  Function _load_textdomain_just_in_time was called <strong>incorrectly</strong>. Translation loading for the <code>fl-builder</code> domain was triggered too early. This is usually an indicator for some code in the plugin or theme running too early. Translations should be loaded at the <code>init</code> action or later. Please see <a href="https://developer.wordpress.org/advanced-administration/debug/debug-wordpress/">Debugging in WordPress</a> for more information. (This message was added in version 6.7.0.) in C:\Users\Dell\Local Sites\quotation\app\public\wp-includes\functions.php on line 6121
[14-Nov-2025 03:33:14 UTC] PHP Deprecated:  Return type of DUP_PRO_DB_Build_Iterator::current() should either be compatible with Iterator::current(): mixed, or the #[\ReturnTypeWillChange] attribute should be used to temporarily suppress the notice in C:\Users\Dell\Local Sites\quotation\app\public\wp-content\plugins\duplicator-pro\classes\package\class.pack.database.build.iterator.php on line 378
[14-Nov-2025 03:33:14 UTC] PHP Deprecated:  Return type of DUP_PRO_DB_Build_Iterator::next() should either be compatible with Iterator::next(): void, or the #[\ReturnTypeWillChange] attribute should be used to temporarily suppress the notice in C:\Users\Dell\Local Sites\quotation\app\public\wp-content\plugins\duplicator-pro\classes\package\class.pack.database.build.iterator.php on line 290
[14-Nov-2025 03:33:14 UTC] PHP Deprecated:  Return type of DUP_PRO_DB_Build_Iterator::key() should either be compatible with Iterator::key(): mixed, or the #[\ReturnTypeWillChange] attribute should be used to temporarily suppress the notice in C:\Users\Dell\Local Sites\quotation\app\public\wp-content\plugins\duplicator-pro\classes\package\class.pack.database.build.iterator.php on line 441
[14-Nov-2025 03:33:14 UTC] PHP Deprecated:  Return type of DUP_PRO_DB_Build_Iterator::valid() should either be compatible with Iterator::valid(): bool, or the #[\ReturnTypeWillChange] attribute should be used to temporarily suppress the notice in C:\Users\Dell\Local Sites\quotation\app\public\wp-content\plugins\duplicator-pro\classes\package\class.pack.database.build.iterator.php on line 369
[14-Nov-2025 03:33:14 UTC] PHP Deprecated:  Return type of DUP_PRO_DB_Build_Iterator::rewind() should either be compatible with Iterator::rewind(): void, or the #[\ReturnTypeWillChange] attribute should be used to temporarily suppress the notice in C:\Users\Dell\Local Sites\quotation\app\public\wp-content\plugins\duplicator-pro\classes\package\class.pack.database.build.iterator.php on line 227
[14-Nov-2025 03:33:14 UTC] PHP Deprecated:  Creation of dynamic property UpdraftPlus_Addon_Reporting::$log_ident is deprecated in C:\Users\Dell\Local Sites\quotation\app\public\wp-content\plugins\updraftplus\addons\reporting.php on line 49
[14-Nov-2025 03:33:14 UTC] PHP Deprecated:  Creation of dynamic property UpdraftPlus_Addon_Reporting::$log_facility is deprecated in C:\Users\Dell\Local Sites\quotation\app\public\wp-content\plugins\updraftplus\addons\reporting.php on line 50
[14-Nov-2025 03:33:14 UTC] PHP Deprecated:  Creation of dynamic property UpdraftPlusAddons2::$plugin_file is deprecated in C:\Users\Dell\Local Sites\quotation\app\public\wp-content\plugins\updraftplus\udaddons\updraftplus-addons.php on line 70
[14-Nov-2025 03:33:14 UTC] PHP Notice:  Function _load_textdomain_just_in_time was called <strong>incorrectly</strong>. Translation loading for the <code>wp-migrate-db</code> domain was triggered too early. This is usually an indicator for some code in the plugin or theme running too early. Translations should be loaded at the <code>init</code> action or later. Please see <a href="https://developer.wordpress.org/advanced-administration/debug/debug-wordpress/">Debugging in WordPress</a> for more information. (This message was added in version 6.7.0.) in C:\Users\Dell\Local Sites\quotation\app\public\wp-includes\functions.php on line 6121
[14-Nov-2025 03:33:14 UTC] PHP Deprecated:  Creation of dynamic property DUP_PRO_Global_Entity::$notices is deprecated in C:\Users\Dell\Local Sites\quotation\app\public\wp-content\plugins\duplicator-pro\classes\entities\class.json.entity.base.php on line 264
[14-Nov-2025 03:33:14 UTC] PHP Notice:  Function _load_textdomain_just_in_time was called <strong>incorrectly</strong>. Translation loading for the <code>updraftplus</code> domain was triggered too early. This is usually an indicator for some code in the plugin or theme running too early. Translations should be loaded at the <code>init</code> action or later. Please see <a href="https://developer.wordpress.org/advanced-administration/debug/debug-wordpress/">Debugging in WordPress</a> for more information. (This message was added in version 6.7.0.) in C:\Users\Dell\Local Sites\quotation\app\public\wp-includes\functions.php on line 6121
[14-Nov-2025 03:33:14 UTC] PHP Deprecated:  Creation of dynamic property UpdraftPlus_Addon_CloudFilesEnhanced::$title is deprecated in C:\Users\Dell\Local Sites\quotation\app\public\wp-content\plugins\updraftplus\addons\cloudfiles-enhanced.php on line 37
[14-Nov-2025 03:33:14 UTC] PHP Deprecated:  Creation of dynamic property UpdraftPlus_Addon_CloudFilesEnhanced::$description is deprecated in C:\Users\Dell\Local Sites\quotation\app\public\wp-content\plugins\updraftplus\addons\cloudfiles-enhanced.php on line 38
[14-Nov-2025 03:33:14 UTC] PHP Notice:  Function _load_textdomain_just_in_time was called <strong>incorrectly</strong>. Translation loading for the <code>updraftplus</code> domain was triggered too early. This is usually an indicator for some code in the plugin or theme running too early. Translations should be loaded at the <code>init</code> action or later. Please see <a href="https://developer.wordpress.org/advanced-administration/debug/debug-wordpress/">Debugging in WordPress</a> for more information. (This message was added in version 6.7.0.) in C:\Users\Dell\Local Sites\quotation\app\public\wp-includes\functions.php on line 6121
[14-Nov-2025 03:33:14 UTC] PHP Notice:  Function _load_textdomain_just_in_time was called <strong>incorrectly</strong>. Translation loading for the <code>astra</code> domain was triggered too early. This is usually an indicator for some code in the plugin or theme running too early. Translations should be loaded at the <code>init</code> action or later. Please see <a href="https://developer.wordpress.org/advanced-administration/debug/debug-wordpress/">Debugging in WordPress</a> for more information. (This message was added in version 6.7.0.) in C:\Users\Dell\Local Sites\quotation\app\public\wp-includes\functions.php on line 6121
[14-Nov-2025 03:33:14 UTC] PHP Deprecated:  Creation of dynamic property LOGINPRESS_PRO_SL_Plugin_Updater::$beta is deprecated in C:\Users\Dell\Local Sites\quotation\app\public\wp-content\plugins\loginpress-pro\lib\LOGINPRESS_PRO_SL_Plugin_Updater.php on line 42
[14-Nov-2025 03:33:14 UTC] PHP Deprecated:  Creation of dynamic property Puc_v4p11_Plugin_Update::$x-spm-subscription-active is deprecated in C:\Users\Dell\Local Sites\quotation\app\public\wp-content\plugins\updraftplus\vendor\yahnis-elsts\plugin-update-checker\Puc\v4p11\Metadata.php on line 111
[14-Nov-2025 03:34:00 UTC] PHP Notice:  Function _load_textdomain_just_in_time was called <strong>incorrectly</strong>. Translation loading for the <code>fl-builder</code> domain was triggered too early. This is usually an indicator for some code in the plugin or theme running too early. Translations should be loaded at the <code>init</code> action or later. Please see <a href="https://developer.wordpress.org/advanced-administration/debug/debug-wordpress/">Debugging in WordPress</a> for more information. (This message was added in version 6.7.0.) in C:\Users\Dell\Local Sites\quotation\app\public\wp-includes\functions.php on line 6121
[14-Nov-2025 03:34:00 UTC] PHP Deprecated:  Return type of DUP_PRO_DB_Build_Iterator::current() should either be compatible with Iterator::current(): mixed, or the #[\ReturnTypeWillChange] attribute should be used to temporarily suppress the notice in C:\Users\Dell\Local Sites\quotation\app\public\wp-content\plugins\duplicator-pro\classes\package\class.pack.database.build.iterator.php on line 378
[14-Nov-2025 03:34:00 UTC] PHP Deprecated:  Return type of DUP_PRO_DB_Build_Iterator::next() should either be compatible with Iterator::next(): void, or the #[\ReturnTypeWillChange] attribute should be used to temporarily suppress the notice in C:\Users\Dell\Local Sites\quotation\app\public\wp-content\plugins\duplicator-pro\classes\package\class.pack.database.build.iterator.php on line 290
[14-Nov-2025 03:34:00 UTC] PHP Deprecated:  Return type of DUP_PRO_DB_Build_Iterator::key() should either be compatible with Iterator::key(): mixed, or the #[\ReturnTypeWillChange] attribute should be used to temporarily suppress the notice in C:\Users\Dell\Local Sites\quotation\app\public\wp-content\plugins\duplicator-pro\classes\package\class.pack.database.build.iterator.php on line 441
[14-Nov-2025 03:34:00 UTC] PHP Deprecated:  Return type of DUP_PRO_DB_Build_Iterator::valid() should either be compatible with Iterator::valid(): bool, or the #[\ReturnTypeWillChange] attribute should be used to temporarily suppress the notice in C:\Users\Dell\Local Sites\quotation\app\public\wp-content\plugins\duplicator-pro\classes\package\class.pack.database.build.iterator.php on line 369
[14-Nov-2025 03:34:00 UTC] PHP Deprecated:  Return type of DUP_PRO_DB_Build_Iterator::rewind() should either be compatible with Iterator::rewind(): void, or the #[\ReturnTypeWillChange] attribute should be used to temporarily suppress the notice in C:\Users\Dell\Local Sites\quotation\app\public\wp-content\plugins\duplicator-pro\classes\package\class.pack.database.build.iterator.php on line 227
[14-Nov-2025 03:34:00 UTC] PHP Deprecated:  Creation of dynamic property UpdraftPlus_Addon_Reporting::$log_ident is deprecated in C:\Users\Dell\Local Sites\quotation\app\public\wp-content\plugins\updraftplus\addons\reporting.php on line 49
[14-Nov-2025 03:34:00 UTC] PHP Deprecated:  Creation of dynamic property UpdraftPlus_Addon_Reporting::$log_facility is deprecated in C:\Users\Dell\Local Sites\quotation\app\public\wp-content\plugins\updraftplus\addons\reporting.php on line 50
[14-Nov-2025 03:34:00 UTC] PHP Deprecated:  Creation of dynamic property UpdraftPlusAddons2::$plugin_file is deprecated in C:\Users\Dell\Local Sites\quotation\app\public\wp-content\plugins\updraftplus\udaddons\updraftplus-addons.php on line 70
[14-Nov-2025 03:34:00 UTC] PHP Notice:  Function _load_textdomain_just_in_time was called <strong>incorrectly</strong>. Translation loading for the <code>wp-migrate-db</code> domain was triggered too early. This is usually an indicator for some code in the plugin or theme running too early. Translations should be loaded at the <code>init</code> action or later. Please see <a href="https://developer.wordpress.org/advanced-administration/debug/debug-wordpress/">Debugging in WordPress</a> for more information. (This message was added in version 6.7.0.) in C:\Users\Dell\Local Sites\quotation\app\public\wp-includes\functions.php on line 6121
[14-Nov-2025 03:34:00 UTC] PHP Deprecated:  Creation of dynamic property DUP_PRO_Global_Entity::$notices is deprecated in C:\Users\Dell\Local Sites\quotation\app\public\wp-content\plugins\duplicator-pro\classes\entities\class.json.entity.base.php on line 264
[14-Nov-2025 03:34:00 UTC] PHP Notice:  Function _load_textdomain_just_in_time was called <strong>incorrectly</strong>. Translation loading for the <code>updraftplus</code> domain was triggered too early. This is usually an indicator for some code in the plugin or theme running too early. Translations should be loaded at the <code>init</code> action or later. Please see <a href="https://developer.wordpress.org/advanced-administration/debug/debug-wordpress/">Debugging in WordPress</a> for more information. (This message was added in version 6.7.0.) in C:\Users\Dell\Local Sites\quotation\app\public\wp-includes\functions.php on line 6121
[14-Nov-2025 03:34:00 UTC] PHP Deprecated:  Creation of dynamic property UpdraftPlus_Addon_CloudFilesEnhanced::$title is deprecated in C:\Users\Dell\Local Sites\quotation\app\public\wp-content\plugins\updraftplus\addons\cloudfiles-enhanced.php on line 37
[14-Nov-2025 03:34:00 UTC] PHP Deprecated:  Creation of dynamic property UpdraftPlus_Addon_CloudFilesEnhanced::$description is deprecated in C:\Users\Dell\Local Sites\quotation\app\public\wp-content\plugins\updraftplus\addons\cloudfiles-enhanced.php on line 38
[14-Nov-2025 03:34:00 UTC] PHP Notice:  Function _load_textdomain_just_in_time was called <strong>incorrectly</strong>. Translation loading for the <code>updraftplus</code> domain was triggered too early. This is usually an indicator for some code in the plugin or theme running too early. Translations should be loaded at the <code>init</code> action or later. Please see <a href="https://developer.wordpress.org/advanced-administration/debug/debug-wordpress/">Debugging in WordPress</a> for more information. (This message was added in version 6.7.0.) in C:\Users\Dell\Local Sites\quotation\app\public\wp-includes\functions.php on line 6121
[14-Nov-2025 03:34:00 UTC] PHP Notice:  Function _load_textdomain_just_in_time was called <strong>incorrectly</strong>. Translation loading for the <code>astra</code> domain was triggered too early. This is usually an indicator for some code in the plugin or theme running too early. Translations should be loaded at the <code>init</code> action or later. Please see <a href="https://developer.wordpress.org/advanced-administration/debug/debug-wordpress/">Debugging in WordPress</a> for more information. (This message was added in version 6.7.0.) in C:\Users\Dell\Local Sites\quotation\app\public\wp-includes\functions.php on line 6121
[14-Nov-2025 03:34:00 UTC] PHP Deprecated:  Creation of dynamic property LOGINPRESS_PRO_SL_Plugin_Updater::$beta is deprecated in C:\Users\Dell\Local Sites\quotation\app\public\wp-content\plugins\loginpress-pro\lib\LOGINPRESS_PRO_SL_Plugin_Updater.php on line 42
[14-Nov-2025 03:34:00 UTC] PHP Deprecated:  Creation of dynamic property Puc_v4p11_Plugin_Update::$x-spm-subscription-active is deprecated in C:\Users\Dell\Local Sites\quotation\app\public\wp-content\plugins\updraftplus\vendor\yahnis-elsts\plugin-update-checker\Puc\v4p11\Metadata.php on line 111
[14-Nov-2025 03:35:15 UTC] PHP Notice:  Function _load_textdomain_just_in_time was called <strong>incorrectly</strong>. Translation loading for the <code>fl-builder</code> domain was triggered too early. This is usually an indicator for some code in the plugin or theme running too early. Translations should be loaded at the <code>init</code> action or later. Please see <a href="https://developer.wordpress.org/advanced-administration/debug/debug-wordpress/">Debugging in WordPress</a> for more information. (This message was added in version 6.7.0.) in C:\Users\Dell\Local Sites\quotation\app\public\wp-includes\functions.php on line 6121
[14-Nov-2025 03:35:15 UTC] PHP Deprecated:  Return type of DUP_PRO_DB_Build_Iterator::current() should either be compatible with Iterator::current(): mixed, or the #[\ReturnTypeWillChange] attribute should be used to temporarily suppress the notice in C:\Users\Dell\Local Sites\quotation\app\public\wp-content\plugins\duplicator-pro\classes\package\class.pack.database.build.iterator.php on line 378
[14-Nov-2025 03:35:15 UTC] PHP Deprecated:  Return type of DUP_PRO_DB_Build_Iterator::next() should either be compatible with Iterator::next(): void, or the #[\ReturnTypeWillChange] attribute should be used to temporarily suppress the notice in C:\Users\Dell\Local Sites\quotation\app\public\wp-content\plugins\duplicator-pro\classes\package\class.pack.database.build.iterator.php on line 290
[14-Nov-2025 03:35:15 UTC] PHP Deprecated:  Return type of DUP_PRO_DB_Build_Iterator::key() should either be compatible with Iterator::key(): mixed, or the #[\ReturnTypeWillChange] attribute should be used to temporarily suppress the notice in C:\Users\Dell\Local Sites\quotation\app\public\wp-content\plugins\duplicator-pro\classes\package\class.pack.database.build.iterator.php on line 441
[14-Nov-2025 03:35:15 UTC] PHP Deprecated:  Return type of DUP_PRO_DB_Build_Iterator::valid() should either be compatible with Iterator::valid(): bool, or the #[\ReturnTypeWillChange] attribute should be used to temporarily suppress the notice in C:\Users\Dell\Local Sites\quotation\app\public\wp-content\plugins\duplicator-pro\classes\package\class.pack.database.build.iterator.php on line 369
[14-Nov-2025 03:35:15 UTC] PHP Deprecated:  Return type of DUP_PRO_DB_Build_Iterator::rewind() should either be compatible with Iterator::rewind(): void, or the #[\ReturnTypeWillChange] attribute should be used to temporarily suppress the notice in C:\Users\Dell\Local Sites\quotation\app\public\wp-content\plugins\duplicator-pro\classes\package\class.pack.database.build.iterator.php on line 227
[14-Nov-2025 03:35:15 UTC] PHP Deprecated:  Creation of dynamic property UpdraftPlus_Addon_Reporting::$log_ident is deprecated in C:\Users\Dell\Local Sites\quotation\app\public\wp-content\plugins\updraftplus\addons\reporting.php on line 49
[14-Nov-2025 03:35:15 UTC] PHP Deprecated:  Creation of dynamic property UpdraftPlus_Addon_Reporting::$log_facility is deprecated in C:\Users\Dell\Local Sites\quotation\app\public\wp-content\plugins\updraftplus\addons\reporting.php on line 50
[14-Nov-2025 03:35:15 UTC] PHP Deprecated:  Creation of dynamic property UpdraftPlusAddons2::$plugin_file is deprecated in C:\Users\Dell\Local Sites\quotation\app\public\wp-content\plugins\updraftplus\udaddons\updraftplus-addons.php on line 70
[14-Nov-2025 03:35:15 UTC] PHP Notice:  Function _load_textdomain_just_in_time was called <strong>incorrectly</strong>. Translation loading for the <code>wp-migrate-db</code> domain was triggered too early. This is usually an indicator for some code in the plugin or theme running too early. Translations should be loaded at the <code>init</code> action or later. Please see <a href="https://developer.wordpress.org/advanced-administration/debug/debug-wordpress/">Debugging in WordPress</a> for more information. (This message was added in version 6.7.0.) in C:\Users\Dell\Local Sites\quotation\app\public\wp-includes\functions.php on line 6121
[14-Nov-2025 03:35:15 UTC] PHP Deprecated:  Creation of dynamic property DUP_PRO_Global_Entity::$notices is deprecated in C:\Users\Dell\Local Sites\quotation\app\public\wp-content\plugins\duplicator-pro\classes\entities\class.json.entity.base.php on line 264
[14-Nov-2025 03:35:15 UTC] PHP Notice:  Function _load_textdomain_just_in_time was called <strong>incorrectly</strong>. Translation loading for the <code>updraftplus</code> domain was triggered too early. This is usually an indicator for some code in the plugin or theme running too early. Translations should be loaded at the <code>init</code> action or later. Please see <a href="https://developer.wordpress.org/advanced-administration/debug/debug-wordpress/">Debugging in WordPress</a> for more information. (This message was added in version 6.7.0.) in C:\Users\Dell\Local Sites\quotation\app\public\wp-includes\functions.php on line 6121
[14-Nov-2025 03:35:15 UTC] PHP Deprecated:  Creation of dynamic property UpdraftPlus_Addon_CloudFilesEnhanced::$title is deprecated in C:\Users\Dell\Local Sites\quotation\app\public\wp-content\plugins\updraftplus\addons\cloudfiles-enhanced.php on line 37
[14-Nov-2025 03:35:15 UTC] PHP Deprecated:  Creation of dynamic property UpdraftPlus_Addon_CloudFilesEnhanced::$description is deprecated in C:\Users\Dell\Local Sites\quotation\app\public\wp-content\plugins\updraftplus\addons\cloudfiles-enhanced.php on line 38
[14-Nov-2025 03:35:15 UTC] PHP Notice:  Function _load_textdomain_just_in_time was called <strong>incorrectly</strong>. Translation loading for the <code>updraftplus</code> domain was triggered too early. This is usually an indicator for some code in the plugin or theme running too early. Translations should be loaded at the <code>init</code> action or later. Please see <a href="https://developer.wordpress.org/advanced-administration/debug/debug-wordpress/">Debugging in WordPress</a> for more information. (This message was added in version 6.7.0.) in C:\Users\Dell\Local Sites\quotation\app\public\wp-includes\functions.php on line 6121
[14-Nov-2025 03:35:15 UTC] PHP Notice:  Function _load_textdomain_just_in_time was called <strong>incorrectly</strong>. Translation loading for the <code>astra</code> domain was triggered too early. This is usually an indicator for some code in the plugin or theme running too early. Translations should be loaded at the <code>init</code> action or later. Please see <a href="https://developer.wordpress.org/advanced-administration/debug/debug-wordpress/">Debugging in WordPress</a> for more information. (This message was added in version 6.7.0.) in C:\Users\Dell\Local Sites\quotation\app\public\wp-includes\functions.php on line 6121
[14-Nov-2025 03:35:15 UTC] PHP Deprecated:  Creation of dynamic property LOGINPRESS_PRO_SL_Plugin_Updater::$beta is deprecated in C:\Users\Dell\Local Sites\quotation\app\public\wp-content\plugins\loginpress-pro\lib\LOGINPRESS_PRO_SL_Plugin_Updater.php on line 42
[14-Nov-2025 03:35:15 UTC] PHP Deprecated:  Creation of dynamic property Puc_v4p11_Plugin_Update::$x-spm-subscription-active is deprecated in C:\Users\Dell\Local Sites\quotation\app\public\wp-content\plugins\updraftplus\vendor\yahnis-elsts\plugin-update-checker\Puc\v4p11\Metadata.php on line 111
[14-Nov-2025 03:35:33 UTC] PHP Notice:  Function _load_textdomain_just_in_time was called <strong>incorrectly</strong>. Translation loading for the <code>fl-builder</code> domain was triggered too early. This is usually an indicator for some code in the plugin or theme running too early. Translations should be loaded at the <code>init</code> action or later. Please see <a href="https://developer.wordpress.org/advanced-administration/debug/debug-wordpress/">Debugging in WordPress</a> for more information. (This message was added in version 6.7.0.) in C:\Users\Dell\Local Sites\quotation\app\public\wp-includes\functions.php on line 6121
[14-Nov-2025 03:35:33 UTC] PHP Deprecated:  Creation of dynamic property UpdraftPlus_Addon_Reporting::$log_ident is deprecated in C:\Users\Dell\Local Sites\quotation\app\public\wp-content\plugins\updraftplus\addons\reporting.php on line 49
[14-Nov-2025 03:35:33 UTC] PHP Deprecated:  Creation of dynamic property UpdraftPlus_Addon_Reporting::$log_facility is deprecated in C:\Users\Dell\Local Sites\quotation\app\public\wp-content\plugins\updraftplus\addons\reporting.php on line 50
[14-Nov-2025 03:35:33 UTC] PHP Deprecated:  Creation of dynamic property UpdraftPlusAddons2::$plugin_file is deprecated in C:\Users\Dell\Local Sites\quotation\app\public\wp-content\plugins\updraftplus\udaddons\updraftplus-addons.php on line 70
[14-Nov-2025 03:35:33 UTC] PHP Notice:  Function _load_textdomain_just_in_time was called <strong>incorrectly</strong>. Translation loading for the <code>wp-migrate-db</code> domain was triggered too early. This is usually an indicator for some code in the plugin or theme running too early. Translations should be loaded at the <code>init</code> action or later. Please see <a href="https://developer.wordpress.org/advanced-administration/debug/debug-wordpress/">Debugging in WordPress</a> for more information. (This message was added in version 6.7.0.) in C:\Users\Dell\Local Sites\quotation\app\public\wp-includes\functions.php on line 6121
[14-Nov-2025 03:35:33 UTC] PHP Notice:  Function _load_textdomain_just_in_time was called <strong>incorrectly</strong>. Translation loading for the <code>updraftplus</code> domain was triggered too early. This is usually an indicator for some code in the plugin or theme running too early. Translations should be loaded at the <code>init</code> action or later. Please see <a href="https://developer.wordpress.org/advanced-administration/debug/debug-wordpress/">Debugging in WordPress</a> for more information. (This message was added in version 6.7.0.) in C:\Users\Dell\Local Sites\quotation\app\public\wp-includes\functions.php on line 6121
[14-Nov-2025 03:35:33 UTC] PHP Deprecated:  Creation of dynamic property UpdraftPlus_Addon_CloudFilesEnhanced::$title is deprecated in C:\Users\Dell\Local Sites\quotation\app\public\wp-content\plugins\updraftplus\addons\cloudfiles-enhanced.php on line 37
[14-Nov-2025 03:35:33 UTC] PHP Deprecated:  Creation of dynamic property UpdraftPlus_Addon_CloudFilesEnhanced::$description is deprecated in C:\Users\Dell\Local Sites\quotation\app\public\wp-content\plugins\updraftplus\addons\cloudfiles-enhanced.php on line 38
[14-Nov-2025 03:35:33 UTC] PHP Notice:  Function _load_textdomain_just_in_time was called <strong>incorrectly</strong>. Translation loading for the <code>updraftplus</code> domain was triggered too early. This is usually an indicator for some code in the plugin or theme running too early. Translations should be loaded at the <code>init</code> action or later. Please see <a href="https://developer.wordpress.org/advanced-administration/debug/debug-wordpress/">Debugging in WordPress</a> for more information. (This message was added in version 6.7.0.) in C:\Users\Dell\Local Sites\quotation\app\public\wp-includes\functions.php on line 6121
[14-Nov-2025 03:35:33 UTC] PHP Notice:  Function _load_textdomain_just_in_time was called <strong>incorrectly</strong>. Translation loading for the <code>astra</code> domain was triggered too early. This is usually an indicator for some code in the plugin or theme running too early. Translations should be loaded at the <code>init</code> action or later. Please see <a href="https://developer.wordpress.org/advanced-administration/debug/debug-wordpress/">Debugging in WordPress</a> for more information. (This message was added in version 6.7.0.) in C:\Users\Dell\Local Sites\quotation\app\public\wp-includes\functions.php on line 6121
[14-Nov-2025 03:35:33 UTC] PHP Deprecated:  Return type of DUP_PRO_DB_Build_Iterator::current() should either be compatible with Iterator::current(): mixed, or the #[\ReturnTypeWillChange] attribute should be used to temporarily suppress the notice in C:\Users\Dell\Local Sites\quotation\app\public\wp-content\plugins\duplicator-pro\classes\package\class.pack.database.build.iterator.php on line 378
[14-Nov-2025 03:35:33 UTC] PHP Deprecated:  Return type of DUP_PRO_DB_Build_Iterator::next() should either be compatible with Iterator::next(): void, or the #[\ReturnTypeWillChange] attribute should be used to temporarily suppress the notice in C:\Users\Dell\Local Sites\quotation\app\public\wp-content\plugins\duplicator-pro\classes\package\class.pack.database.build.iterator.php on line 290
[14-Nov-2025 03:35:33 UTC] PHP Deprecated:  Return type of DUP_PRO_DB_Build_Iterator::key() should either be compatible with Iterator::key(): mixed, or the #[\ReturnTypeWillChange] attribute should be used to temporarily suppress the notice in C:\Users\Dell\Local Sites\quotation\app\public\wp-content\plugins\duplicator-pro\classes\package\class.pack.database.build.iterator.php on line 441
[14-Nov-2025 03:35:33 UTC] PHP Deprecated:  Return type of DUP_PRO_DB_Build_Iterator::valid() should either be compatible with Iterator::valid(): bool, or the #[\ReturnTypeWillChange] attribute should be used to temporarily suppress the notice in C:\Users\Dell\Local Sites\quotation\app\public\wp-content\plugins\duplicator-pro\classes\package\class.pack.database.build.iterator.php on line 369
[14-Nov-2025 03:35:33 UTC] PHP Deprecated:  Return type of DUP_PRO_DB_Build_Iterator::rewind() should either be compatible with Iterator::rewind(): void, or the #[\ReturnTypeWillChange] attribute should be used to temporarily suppress the notice in C:\Users\Dell\Local Sites\quotation\app\public\wp-content\plugins\duplicator-pro\classes\package\class.pack.database.build.iterator.php on line 227
[14-Nov-2025 03:35:33 UTC] PHP Deprecated:  Creation of dynamic property DUP_PRO_Global_Entity::$notices is deprecated in C:\Users\Dell\Local Sites\quotation\app\public\wp-content\plugins\duplicator-pro\classes\entities\class.json.entity.base.php on line 264
[14-Nov-2025 03:35:33 UTC] PHP Deprecated:  Creation of dynamic property Puc_v4p11_Plugin_Update::$x-spm-subscription-active is deprecated in C:\Users\Dell\Local Sites\quotation\app\public\wp-content\plugins\updraftplus\vendor\yahnis-elsts\plugin-update-checker\Puc\v4p11\Metadata.php on line 111
[14-Nov-2025 03:35:34 UTC] PHP Notice:  Function _load_textdomain_just_in_time was called <strong>incorrectly</strong>. Translation loading for the <code>fl-builder</code> domain was triggered too early. This is usually an indicator for some code in the plugin or theme running too early. Translations should be loaded at the <code>init</code> action or later. Please see <a href="https://developer.wordpress.org/advanced-administration/debug/debug-wordpress/">Debugging in WordPress</a> for more information. (This message was added in version 6.7.0.) in C:\Users\Dell\Local Sites\quotation\app\public\wp-includes\functions.php on line 6121
[14-Nov-2025 03:35:34 UTC] PHP Deprecated:  Creation of dynamic property UpdraftPlus_Addon_Reporting::$log_ident is deprecated in C:\Users\Dell\Local Sites\quotation\app\public\wp-content\plugins\updraftplus\addons\reporting.php on line 49
[14-Nov-2025 03:35:34 UTC] PHP Deprecated:  Creation of dynamic property UpdraftPlus_Addon_Reporting::$log_facility is deprecated in C:\Users\Dell\Local Sites\quotation\app\public\wp-content\plugins\updraftplus\addons\reporting.php on line 50
[14-Nov-2025 03:35:34 UTC] PHP Deprecated:  Creation of dynamic property UpdraftPlusAddons2::$plugin_file is deprecated in C:\Users\Dell\Local Sites\quotation\app\public\wp-content\plugins\updraftplus\udaddons\updraftplus-addons.php on line 70
[14-Nov-2025 03:35:34 UTC] PHP Notice:  Function _load_textdomain_just_in_time was called <strong>incorrectly</strong>. Translation loading for the <code>wp-migrate-db</code> domain was triggered too early. This is usually an indicator for some code in the plugin or theme running too early. Translations should be loaded at the <code>init</code> action or later. Please see <a href="https://developer.wordpress.org/advanced-administration/debug/debug-wordpress/">Debugging in WordPress</a> for more information. (This message was added in version 6.7.0.) in C:\Users\Dell\Local Sites\quotation\app\public\wp-includes\functions.php on line 6121
[14-Nov-2025 03:35:34 UTC] PHP Notice:  Function _load_textdomain_just_in_time was called <strong>incorrectly</strong>. Translation loading for the <code>updraftplus</code> domain was triggered too early. This is usually an indicator for some code in the plugin or theme running too early. Translations should be loaded at the <code>init</code> action or later. Please see <a href="https://developer.wordpress.org/advanced-administration/debug/debug-wordpress/">Debugging in WordPress</a> for more information. (This message was added in version 6.7.0.) in C:\Users\Dell\Local Sites\quotation\app\public\wp-includes\functions.php on line 6121
[14-Nov-2025 03:35:34 UTC] PHP Deprecated:  Creation of dynamic property UpdraftPlus_Addon_CloudFilesEnhanced::$title is deprecated in C:\Users\Dell\Local Sites\quotation\app\public\wp-content\plugins\updraftplus\addons\cloudfiles-enhanced.php on line 37
[14-Nov-2025 03:35:34 UTC] PHP Deprecated:  Creation of dynamic property UpdraftPlus_Addon_CloudFilesEnhanced::$description is deprecated in C:\Users\Dell\Local Sites\quotation\app\public\wp-content\plugins\updraftplus\addons\cloudfiles-enhanced.php on line 38
[14-Nov-2025 03:35:34 UTC] PHP Notice:  Function _load_textdomain_just_in_time was called <strong>incorrectly</strong>. Translation loading for the <code>updraftplus</code> domain was triggered too early. This is usually an indicator for some code in the plugin or theme running too early. Translations should be loaded at the <code>init</code> action or later. Please see <a href="https://developer.wordpress.org/advanced-administration/debug/debug-wordpress/">Debugging in WordPress</a> for more information. (This message was added in version 6.7.0.) in C:\Users\Dell\Local Sites\quotation\app\public\wp-includes\functions.php on line 6121
[14-Nov-2025 03:35:34 UTC] PHP Notice:  Function _load_textdomain_just_in_time was called <strong>incorrectly</strong>. Translation loading for the <code>astra</code> domain was triggered too early. This is usually an indicator for some code in the plugin or theme running too early. Translations should be loaded at the <code>init</code> action or later. Please see <a href="https://developer.wordpress.org/advanced-administration/debug/debug-wordpress/">Debugging in WordPress</a> for more information. (This message was added in version 6.7.0.) in C:\Users\Dell\Local Sites\quotation\app\public\wp-includes\functions.php on line 6121
[14-Nov-2025 03:35:34 UTC] PHP Deprecated:  Return type of DUP_PRO_DB_Build_Iterator::current() should either be compatible with Iterator::current(): mixed, or the #[\ReturnTypeWillChange] attribute should be used to temporarily suppress the notice in C:\Users\Dell\Local Sites\quotation\app\public\wp-content\plugins\duplicator-pro\classes\package\class.pack.database.build.iterator.php on line 378
[14-Nov-2025 03:35:34 UTC] PHP Deprecated:  Return type of DUP_PRO_DB_Build_Iterator::next() should either be compatible with Iterator::next(): void, or the #[\ReturnTypeWillChange] attribute should be used to temporarily suppress the notice in C:\Users\Dell\Local Sites\quotation\app\public\wp-content\plugins\duplicator-pro\classes\package\class.pack.database.build.iterator.php on line 290
[14-Nov-2025 03:35:34 UTC] PHP Deprecated:  Return type of DUP_PRO_DB_Build_Iterator::key() should either be compatible with Iterator::key(): mixed, or the #[\ReturnTypeWillChange] attribute should be used to temporarily suppress the notice in C:\Users\Dell\Local Sites\quotation\app\public\wp-content\plugins\duplicator-pro\classes\package\class.pack.database.build.iterator.php on line 441
[14-Nov-2025 03:35:34 UTC] PHP Deprecated:  Return type of DUP_PRO_DB_Build_Iterator::valid() should either be compatible with Iterator::valid(): bool, or the #[\ReturnTypeWillChange] attribute should be used to temporarily suppress the notice in C:\Users\Dell\Local Sites\quotation\app\public\wp-content\plugins\duplicator-pro\classes\package\class.pack.database.build.iterator.php on line 369
[14-Nov-2025 03:35:34 UTC] PHP Deprecated:  Return type of DUP_PRO_DB_Build_Iterator::rewind() should either be compatible with Iterator::rewind(): void, or the #[\ReturnTypeWillChange] attribute should be used to temporarily suppress the notice in C:\Users\Dell\Local Sites\quotation\app\public\wp-content\plugins\duplicator-pro\classes\package\class.pack.database.build.iterator.php on line 227
[14-Nov-2025 03:35:34 UTC] PHP Warning:  Cannot modify header information - headers already sent by (output started at C:\Users\Dell\Local Sites\quotation\app\public\wp-includes\functions.php:6121) in C:\Users\Dell\Local Sites\quotation\app\public\wp-includes\pluggable.php on line 1450
[14-Nov-2025 03:35:34 UTC] PHP Warning:  Cannot modify header information - headers already sent by (output started at C:\Users\Dell\Local Sites\quotation\app\public\wp-includes\functions.php:6121) in C:\Users\Dell\Local Sites\quotation\app\public\wp-includes\pluggable.php on line 1453
[14-Nov-2025 03:35:43 UTC] PHP Notice:  Function _load_textdomain_just_in_time was called <strong>incorrectly</strong>. Translation loading for the <code>fl-builder</code> domain was triggered too early. This is usually an indicator for some code in the plugin or theme running too early. Translations should be loaded at the <code>init</code> action or later. Please see <a href="https://developer.wordpress.org/advanced-administration/debug/debug-wordpress/">Debugging in WordPress</a> for more information. (This message was added in version 6.7.0.) in C:\Users\Dell\Local Sites\quotation\app\public\wp-includes\functions.php on line 6121
[14-Nov-2025 03:35:43 UTC] PHP Deprecated:  Creation of dynamic property UpdraftPlus_Addon_Reporting::$log_ident is deprecated in C:\Users\Dell\Local Sites\quotation\app\public\wp-content\plugins\updraftplus\addons\reporting.php on line 49
[14-Nov-2025 03:35:43 UTC] PHP Deprecated:  Creation of dynamic property UpdraftPlus_Addon_Reporting::$log_facility is deprecated in C:\Users\Dell\Local Sites\quotation\app\public\wp-content\plugins\updraftplus\addons\reporting.php on line 50
[14-Nov-2025 03:35:43 UTC] PHP Deprecated:  Creation of dynamic property UpdraftPlusAddons2::$plugin_file is deprecated in C:\Users\Dell\Local Sites\quotation\app\public\wp-content\plugins\updraftplus\udaddons\updraftplus-addons.php on line 70
[14-Nov-2025 03:35:43 UTC] PHP Notice:  Function _load_textdomain_just_in_time was called <strong>incorrectly</strong>. Translation loading for the <code>wp-migrate-db</code> domain was triggered too early. This is usually an indicator for some code in the plugin or theme running too early. Translations should be loaded at the <code>init</code> action or later. Please see <a href="https://developer.wordpress.org/advanced-administration/debug/debug-wordpress/">Debugging in WordPress</a> for more information. (This message was added in version 6.7.0.) in C:\Users\Dell\Local Sites\quotation\app\public\wp-includes\functions.php on line 6121
[14-Nov-2025 03:35:43 UTC] PHP Notice:  Function _load_textdomain_just_in_time was called <strong>incorrectly</strong>. Translation loading for the <code>updraftplus</code> domain was triggered too early. This is usually an indicator for some code in the plugin or theme running too early. Translations should be loaded at the <code>init</code> action or later. Please see <a href="https://developer.wordpress.org/advanced-administration/debug/debug-wordpress/">Debugging in WordPress</a> for more information. (This message was added in version 6.7.0.) in C:\Users\Dell\Local Sites\quotation\app\public\wp-includes\functions.php on line 6121
[14-Nov-2025 03:35:43 UTC] PHP Deprecated:  Creation of dynamic property UpdraftPlus_Addon_CloudFilesEnhanced::$title is deprecated in C:\Users\Dell\Local Sites\quotation\app\public\wp-content\plugins\updraftplus\addons\cloudfiles-enhanced.php on line 37
[14-Nov-2025 03:35:43 UTC] PHP Deprecated:  Creation of dynamic property UpdraftPlus_Addon_CloudFilesEnhanced::$description is deprecated in C:\Users\Dell\Local Sites\quotation\app\public\wp-content\plugins\updraftplus\addons\cloudfiles-enhanced.php on line 38
[14-Nov-2025 03:35:43 UTC] PHP Notice:  Function _load_textdomain_just_in_time was called <strong>incorrectly</strong>. Translation loading for the <code>updraftplus</code> domain was triggered too early. This is usually an indicator for some code in the plugin or theme running too early. Translations should be loaded at the <code>init</code> action or later. Please see <a href="https://developer.wordpress.org/advanced-administration/debug/debug-wordpress/">Debugging in WordPress</a> for more information. (This message was added in version 6.7.0.) in C:\Users\Dell\Local Sites\quotation\app\public\wp-includes\functions.php on line 6121
[14-Nov-2025 03:35:43 UTC] PHP Notice:  Function _load_textdomain_just_in_time was called <strong>incorrectly</strong>. Translation loading for the <code>astra</code> domain was triggered too early. This is usually an indicator for some code in the plugin or theme running too early. Translations should be loaded at the <code>init</code> action or later. Please see <a href="https://developer.wordpress.org/advanced-administration/debug/debug-wordpress/">Debugging in WordPress</a> for more information. (This message was added in version 6.7.0.) in C:\Users\Dell\Local Sites\quotation\app\public\wp-includes\functions.php on line 6121
[14-Nov-2025 03:35:43 UTC] PHP Deprecated:  Return type of DUP_PRO_DB_Build_Iterator::current() should either be compatible with Iterator::current(): mixed, or the #[\ReturnTypeWillChange] attribute should be used to temporarily suppress the notice in C:\Users\Dell\Local Sites\quotation\app\public\wp-content\plugins\duplicator-pro\classes\package\class.pack.database.build.iterator.php on line 378
[14-Nov-2025 03:35:43 UTC] PHP Deprecated:  Return type of DUP_PRO_DB_Build_Iterator::next() should either be compatible with Iterator::next(): void, or the #[\ReturnTypeWillChange] attribute should be used to temporarily suppress the notice in C:\Users\Dell\Local Sites\quotation\app\public\wp-content\plugins\duplicator-pro\classes\package\class.pack.database.build.iterator.php on line 290
[14-Nov-2025 03:35:43 UTC] PHP Deprecated:  Return type of DUP_PRO_DB_Build_Iterator::key() should either be compatible with Iterator::key(): mixed, or the #[\ReturnTypeWillChange] attribute should be used to temporarily suppress the notice in C:\Users\Dell\Local Sites\quotation\app\public\wp-content\plugins\duplicator-pro\classes\package\class.pack.database.build.iterator.php on line 441
[14-Nov-2025 03:35:43 UTC] PHP Deprecated:  Return type of DUP_PRO_DB_Build_Iterator::valid() should either be compatible with Iterator::valid(): bool, or the #[\ReturnTypeWillChange] attribute should be used to temporarily suppress the notice in C:\Users\Dell\Local Sites\quotation\app\public\wp-content\plugins\duplicator-pro\classes\package\class.pack.database.build.iterator.php on line 369
[14-Nov-2025 03:35:43 UTC] PHP Deprecated:  Return type of DUP_PRO_DB_Build_Iterator::rewind() should either be compatible with Iterator::rewind(): void, or the #[\ReturnTypeWillChange] attribute should be used to temporarily suppress the notice in C:\Users\Dell\Local Sites\quotation\app\public\wp-content\plugins\duplicator-pro\classes\package\class.pack.database.build.iterator.php on line 227
[14-Nov-2025 03:36:09 UTC] PHP Notice:  Function _load_textdomain_just_in_time was called <strong>incorrectly</strong>. Translation loading for the <code>fl-builder</code> domain was triggered too early. This is usually an indicator for some code in the plugin or theme running too early. Translations should be loaded at the <code>init</code> action or later. Please see <a href="https://developer.wordpress.org/advanced-administration/debug/debug-wordpress/">Debugging in WordPress</a> for more information. (This message was added in version 6.7.0.) in C:\Users\Dell\Local Sites\quotation\app\public\wp-includes\functions.php on line 6121
[14-Nov-2025 03:36:09 UTC] PHP Deprecated:  Creation of dynamic property UpdraftPlus_Addon_Reporting::$log_ident is deprecated in C:\Users\Dell\Local Sites\quotation\app\public\wp-content\plugins\updraftplus\addons\reporting.php on line 49
[14-Nov-2025 03:36:09 UTC] PHP Deprecated:  Creation of dynamic property UpdraftPlus_Addon_Reporting::$log_facility is deprecated in C:\Users\Dell\Local Sites\quotation\app\public\wp-content\plugins\updraftplus\addons\reporting.php on line 50
[14-Nov-2025 03:36:09 UTC] PHP Deprecated:  Creation of dynamic property UpdraftPlusAddons2::$plugin_file is deprecated in C:\Users\Dell\Local Sites\quotation\app\public\wp-content\plugins\updraftplus\udaddons\updraftplus-addons.php on line 70
[14-Nov-2025 03:36:09 UTC] PHP Notice:  Function _load_textdomain_just_in_time was called <strong>incorrectly</strong>. Translation loading for the <code>wp-migrate-db</code> domain was triggered too early. This is usually an indicator for some code in the plugin or theme running too early. Translations should be loaded at the <code>init</code> action or later. Please see <a href="https://developer.wordpress.org/advanced-administration/debug/debug-wordpress/">Debugging in WordPress</a> for more information. (This message was added in version 6.7.0.) in C:\Users\Dell\Local Sites\quotation\app\public\wp-includes\functions.php on line 6121
[14-Nov-2025 03:36:09 UTC] PHP Notice:  Function _load_textdomain_just_in_time was called <strong>incorrectly</strong>. Translation loading for the <code>updraftplus</code> domain was triggered too early. This is usually an indicator for some code in the plugin or theme running too early. Translations should be loaded at the <code>init</code> action or later. Please see <a href="https://developer.wordpress.org/advanced-administration/debug/debug-wordpress/">Debugging in WordPress</a> for more information. (This message was added in version 6.7.0.) in C:\Users\Dell\Local Sites\quotation\app\public\wp-includes\functions.php on line 6121
[14-Nov-2025 03:36:09 UTC] PHP Deprecated:  Creation of dynamic property UpdraftPlus_Addon_CloudFilesEnhanced::$title is deprecated in C:\Users\Dell\Local Sites\quotation\app\public\wp-content\plugins\updraftplus\addons\cloudfiles-enhanced.php on line 37
[14-Nov-2025 03:36:09 UTC] PHP Deprecated:  Creation of dynamic property UpdraftPlus_Addon_CloudFilesEnhanced::$description is deprecated in C:\Users\Dell\Local Sites\quotation\app\public\wp-content\plugins\updraftplus\addons\cloudfiles-enhanced.php on line 38
[14-Nov-2025 03:36:09 UTC] PHP Notice:  Function _load_textdomain_just_in_time was called <strong>incorrectly</strong>. Translation loading for the <code>updraftplus</code> domain was triggered too early. This is usually an indicator for some code in the plugin or theme running too early. Translations should be loaded at the <code>init</code> action or later. Please see <a href="https://developer.wordpress.org/advanced-administration/debug/debug-wordpress/">Debugging in WordPress</a> for more information. (This message was added in version 6.7.0.) in C:\Users\Dell\Local Sites\quotation\app\public\wp-includes\functions.php on line 6121
[14-Nov-2025 03:36:09 UTC] PHP Notice:  Function _load_textdomain_just_in_time was called <strong>incorrectly</strong>. Translation loading for the <code>astra</code> domain was triggered too early. This is usually an indicator for some code in the plugin or theme running too early. Translations should be loaded at the <code>init</code> action or later. Please see <a href="https://developer.wordpress.org/advanced-administration/debug/debug-wordpress/">Debugging in WordPress</a> for more information. (This message was added in version 6.7.0.) in C:\Users\Dell\Local Sites\quotation\app\public\wp-includes\functions.php on line 6121
[14-Nov-2025 03:36:10 UTC] PHP Deprecated:  Return type of DUP_PRO_DB_Build_Iterator::current() should either be compatible with Iterator::current(): mixed, or the #[\ReturnTypeWillChange] attribute should be used to temporarily suppress the notice in C:\Users\Dell\Local Sites\quotation\app\public\wp-content\plugins\duplicator-pro\classes\package\class.pack.database.build.iterator.php on line 378
[14-Nov-2025 03:36:10 UTC] PHP Deprecated:  Return type of DUP_PRO_DB_Build_Iterator::next() should either be compatible with Iterator::next(): void, or the #[\ReturnTypeWillChange] attribute should be used to temporarily suppress the notice in C:\Users\Dell\Local Sites\quotation\app\public\wp-content\plugins\duplicator-pro\classes\package\class.pack.database.build.iterator.php on line 290
[14-Nov-2025 03:36:10 UTC] PHP Deprecated:  Return type of DUP_PRO_DB_Build_Iterator::key() should either be compatible with Iterator::key(): mixed, or the #[\ReturnTypeWillChange] attribute should be used to temporarily suppress the notice in C:\Users\Dell\Local Sites\quotation\app\public\wp-content\plugins\duplicator-pro\classes\package\class.pack.database.build.iterator.php on line 441
[14-Nov-2025 03:36:10 UTC] PHP Deprecated:  Return type of DUP_PRO_DB_Build_Iterator::valid() should either be compatible with Iterator::valid(): bool, or the #[\ReturnTypeWillChange] attribute should be used to temporarily suppress the notice in C:\Users\Dell\Local Sites\quotation\app\public\wp-content\plugins\duplicator-pro\classes\package\class.pack.database.build.iterator.php on line 369
[14-Nov-2025 03:36:10 UTC] PHP Deprecated:  Return type of DUP_PRO_DB_Build_Iterator::rewind() should either be compatible with Iterator::rewind(): void, or the #[\ReturnTypeWillChange] attribute should be used to temporarily suppress the notice in C:\Users\Dell\Local Sites\quotation\app\public\wp-content\plugins\duplicator-pro\classes\package\class.pack.database.build.iterator.php on line 227
[14-Nov-2025 03:36:10 UTC] PHP Deprecated:  Creation of dynamic property Puc_v4p11_Plugin_Update::$x-spm-subscription-active is deprecated in C:\Users\Dell\Local Sites\quotation\app\public\wp-content\plugins\updraftplus\vendor\yahnis-elsts\plugin-update-checker\Puc\v4p11\Metadata.php on line 111
[14-Nov-2025 03:36:11 UTC] PHP Notice:  Function _load_textdomain_just_in_time was called <strong>incorrectly</strong>. Translation loading for the <code>fl-builder</code> domain was triggered too early. This is usually an indicator for some code in the plugin or theme running too early. Translations should be loaded at the <code>init</code> action or later. Please see <a href="https://developer.wordpress.org/advanced-administration/debug/debug-wordpress/">Debugging in WordPress</a> for more information. (This message was added in version 6.7.0.) in C:\Users\Dell\Local Sites\quotation\app\public\wp-includes\functions.php on line 6121
[14-Nov-2025 03:36:11 UTC] PHP Deprecated:  Creation of dynamic property UpdraftPlus_Addon_Reporting::$log_ident is deprecated in C:\Users\Dell\Local Sites\quotation\app\public\wp-content\plugins\updraftplus\addons\reporting.php on line 49
[14-Nov-2025 03:36:11 UTC] PHP Deprecated:  Creation of dynamic property UpdraftPlus_Addon_Reporting::$log_facility is deprecated in C:\Users\Dell\Local Sites\quotation\app\public\wp-content\plugins\updraftplus\addons\reporting.php on line 50
[14-Nov-2025 03:36:11 UTC] PHP Deprecated:  Creation of dynamic property UpdraftPlusAddons2::$plugin_file is deprecated in C:\Users\Dell\Local Sites\quotation\app\public\wp-content\plugins\updraftplus\udaddons\updraftplus-addons.php on line 70
[14-Nov-2025 03:36:11 UTC] PHP Notice:  Function _load_textdomain_just_in_time was called <strong>incorrectly</strong>. Translation loading for the <code>wp-migrate-db</code> domain was triggered too early. This is usually an indicator for some code in the plugin or theme running too early. Translations should be loaded at the <code>init</code> action or later. Please see <a href="https://developer.wordpress.org/advanced-administration/debug/debug-wordpress/">Debugging in WordPress</a> for more information. (This message was added in version 6.7.0.) in C:\Users\Dell\Local Sites\quotation\app\public\wp-includes\functions.php on line 6121
[14-Nov-2025 03:36:11 UTC] PHP Notice:  Function _load_textdomain_just_in_time was called <strong>incorrectly</strong>. Translation loading for the <code>updraftplus</code> domain was triggered too early. This is usually an indicator for some code in the plugin or theme running too early. Translations should be loaded at the <code>init</code> action or later. Please see <a href="https://developer.wordpress.org/advanced-administration/debug/debug-wordpress/">Debugging in WordPress</a> for more information. (This message was added in version 6.7.0.) in C:\Users\Dell\Local Sites\quotation\app\public\wp-includes\functions.php on line 6121
[14-Nov-2025 03:36:11 UTC] PHP Deprecated:  Creation of dynamic property UpdraftPlus_Addon_CloudFilesEnhanced::$title is deprecated in C:\Users\Dell\Local Sites\quotation\app\public\wp-content\plugins\updraftplus\addons\cloudfiles-enhanced.php on line 37
[14-Nov-2025 03:36:11 UTC] PHP Deprecated:  Creation of dynamic property UpdraftPlus_Addon_CloudFilesEnhanced::$description is deprecated in C:\Users\Dell\Local Sites\quotation\app\public\wp-content\plugins\updraftplus\addons\cloudfiles-enhanced.php on line 38
[14-Nov-2025 03:36:11 UTC] PHP Notice:  Function _load_textdomain_just_in_time was called <strong>incorrectly</strong>. Translation loading for the <code>updraftplus</code> domain was triggered too early. This is usually an indicator for some code in the plugin or theme running too early. Translations should be loaded at the <code>init</code> action or later. Please see <a href="https://developer.wordpress.org/advanced-administration/debug/debug-wordpress/">Debugging in WordPress</a> for more information. (This message was added in version 6.7.0.) in C:\Users\Dell\Local Sites\quotation\app\public\wp-includes\functions.php on line 6121
[14-Nov-2025 03:36:11 UTC] PHP Notice:  Function _load_textdomain_just_in_time was called <strong>incorrectly</strong>. Translation loading for the <code>astra</code> domain was triggered too early. This is usually an indicator for some code in the plugin or theme running too early. Translations should be loaded at the <code>init</code> action or later. Please see <a href="https://developer.wordpress.org/advanced-administration/debug/debug-wordpress/">Debugging in WordPress</a> for more information. (This message was added in version 6.7.0.) in C:\Users\Dell\Local Sites\quotation\app\public\wp-includes\functions.php on line 6121
[14-Nov-2025 03:36:11 UTC] PHP Deprecated:  Return type of DUP_PRO_DB_Build_Iterator::current() should either be compatible with Iterator::current(): mixed, or the #[\ReturnTypeWillChange] attribute should be used to temporarily suppress the notice in C:\Users\Dell\Local Sites\quotation\app\public\wp-content\plugins\duplicator-pro\classes\package\class.pack.database.build.iterator.php on line 378
[14-Nov-2025 03:36:11 UTC] PHP Deprecated:  Return type of DUP_PRO_DB_Build_Iterator::next() should either be compatible with Iterator::next(): void, or the #[\ReturnTypeWillChange] attribute should be used to temporarily suppress the notice in C:\Users\Dell\Local Sites\quotation\app\public\wp-content\plugins\duplicator-pro\classes\package\class.pack.database.build.iterator.php on line 290
[14-Nov-2025 03:36:11 UTC] PHP Deprecated:  Return type of DUP_PRO_DB_Build_Iterator::key() should either be compatible with Iterator::key(): mixed, or the #[\ReturnTypeWillChange] attribute should be used to temporarily suppress the notice in C:\Users\Dell\Local Sites\quotation\app\public\wp-content\plugins\duplicator-pro\classes\package\class.pack.database.build.iterator.php on line 441
[14-Nov-2025 03:36:11 UTC] PHP Deprecated:  Return type of DUP_PRO_DB_Build_Iterator::valid() should either be compatible with Iterator::valid(): bool, or the #[\ReturnTypeWillChange] attribute should be used to temporarily suppress the notice in C:\Users\Dell\Local Sites\quotation\app\public\wp-content\plugins\duplicator-pro\classes\package\class.pack.database.build.iterator.php on line 369
[14-Nov-2025 03:36:11 UTC] PHP Deprecated:  Return type of DUP_PRO_DB_Build_Iterator::rewind() should either be compatible with Iterator::rewind(): void, or the #[\ReturnTypeWillChange] attribute should be used to temporarily suppress the notice in C:\Users\Dell\Local Sites\quotation\app\public\wp-content\plugins\duplicator-pro\classes\package\class.pack.database.build.iterator.php on line 227
[14-Nov-2025 03:36:11 UTC] PHP Warning:  Cannot modify header information - headers already sent by (output started at C:\Users\Dell\Local Sites\quotation\app\public\wp-includes\functions.php:6121) in C:\Users\Dell\Local Sites\quotation\app\public\wp-includes\pluggable.php on line 1450
[14-Nov-2025 03:36:11 UTC] PHP Warning:  Cannot modify header information - headers already sent by (output started at C:\Users\Dell\Local Sites\quotation\app\public\wp-includes\functions.php:6121) in C:\Users\Dell\Local Sites\quotation\app\public\wp-includes\pluggable.php on line 1453
[14-Nov-2025 03:36:32 UTC] PHP Notice:  Function _load_textdomain_just_in_time was called <strong>incorrectly</strong>. Translation loading for the <code>fl-builder</code> domain was triggered too early. This is usually an indicator for some code in the plugin or theme running too early. Translations should be loaded at the <code>init</code> action or later. Please see <a href="https://developer.wordpress.org/advanced-administration/debug/debug-wordpress/">Debugging in WordPress</a> for more information. (This message was added in version 6.7.0.) in C:\Users\Dell\Local Sites\quotation\app\public\wp-includes\functions.php on line 6121
[14-Nov-2025 03:36:32 UTC] PHP Deprecated:  Creation of dynamic property UpdraftPlus_Addon_Reporting::$log_ident is deprecated in C:\Users\Dell\Local Sites\quotation\app\public\wp-content\plugins\updraftplus\addons\reporting.php on line 49
[14-Nov-2025 03:36:32 UTC] PHP Deprecated:  Creation of dynamic property UpdraftPlus_Addon_Reporting::$log_facility is deprecated in C:\Users\Dell\Local Sites\quotation\app\public\wp-content\plugins\updraftplus\addons\reporting.php on line 50
[14-Nov-2025 03:36:32 UTC] PHP Deprecated:  Creation of dynamic property UpdraftPlusAddons2::$plugin_file is deprecated in C:\Users\Dell\Local Sites\quotation\app\public\wp-content\plugins\updraftplus\udaddons\updraftplus-addons.php on line 70
[14-Nov-2025 03:36:32 UTC] PHP Notice:  Function _load_textdomain_just_in_time was called <strong>incorrectly</strong>. Translation loading for the <code>wp-migrate-db</code> domain was triggered too early. This is usually an indicator for some code in the plugin or theme running too early. Translations should be loaded at the <code>init</code> action or later. Please see <a href="https://developer.wordpress.org/advanced-administration/debug/debug-wordpress/">Debugging in WordPress</a> for more information. (This message was added in version 6.7.0.) in C:\Users\Dell\Local Sites\quotation\app\public\wp-includes\functions.php on line 6121
[14-Nov-2025 03:36:32 UTC] PHP Notice:  Function _load_textdomain_just_in_time was called <strong>incorrectly</strong>. Translation loading for the <code>updraftplus</code> domain was triggered too early. This is usually an indicator for some code in the plugin or theme running too early. Translations should be loaded at the <code>init</code> action or later. Please see <a href="https://developer.wordpress.org/advanced-administration/debug/debug-wordpress/">Debugging in WordPress</a> for more information. (This message was added in version 6.7.0.) in C:\Users\Dell\Local Sites\quotation\app\public\wp-includes\functions.php on line 6121
[14-Nov-2025 03:36:32 UTC] PHP Deprecated:  Creation of dynamic property UpdraftPlus_Addon_CloudFilesEnhanced::$title is deprecated in C:\Users\Dell\Local Sites\quotation\app\public\wp-content\plugins\updraftplus\addons\cloudfiles-enhanced.php on line 37
[14-Nov-2025 03:36:32 UTC] PHP Deprecated:  Creation of dynamic property UpdraftPlus_Addon_CloudFilesEnhanced::$description is deprecated in C:\Users\Dell\Local Sites\quotation\app\public\wp-content\plugins\updraftplus\addons\cloudfiles-enhanced.php on line 38
[14-Nov-2025 03:36:32 UTC] PHP Notice:  Function _load_textdomain_just_in_time was called <strong>incorrectly</strong>. Translation loading for the <code>updraftplus</code> domain was triggered too early. This is usually an indicator for some code in the plugin or theme running too early. Translations should be loaded at the <code>init</code> action or later. Please see <a href="https://developer.wordpress.org/advanced-administration/debug/debug-wordpress/">Debugging in WordPress</a> for more information. (This message was added in version 6.7.0.) in C:\Users\Dell\Local Sites\quotation\app\public\wp-includes\functions.php on line 6121
[14-Nov-2025 03:36:32 UTC] PHP Notice:  Function _load_textdomain_just_in_time was called <strong>incorrectly</strong>. Translation loading for the <code>astra</code> domain was triggered too early. This is usually an indicator for some code in the plugin or theme running too early. Translations should be loaded at the <code>init</code> action or later. Please see <a href="https://developer.wordpress.org/advanced-administration/debug/debug-wordpress/">Debugging in WordPress</a> for more information. (This message was added in version 6.7.0.) in C:\Users\Dell\Local Sites\quotation\app\public\wp-includes\functions.php on line 6121
[14-Nov-2025 03:36:32 UTC] PHP Deprecated:  Return type of DUP_PRO_DB_Build_Iterator::current() should either be compatible with Iterator::current(): mixed, or the #[\ReturnTypeWillChange] attribute should be used to temporarily suppress the notice in C:\Users\Dell\Local Sites\quotation\app\public\wp-content\plugins\duplicator-pro\classes\package\class.pack.database.build.iterator.php on line 378
[14-Nov-2025 03:36:32 UTC] PHP Deprecated:  Return type of DUP_PRO_DB_Build_Iterator::next() should either be compatible with Iterator::next(): void, or the #[\ReturnTypeWillChange] attribute should be used to temporarily suppress the notice in C:\Users\Dell\Local Sites\quotation\app\public\wp-content\plugins\duplicator-pro\classes\package\class.pack.database.build.iterator.php on line 290
[14-Nov-2025 03:36:32 UTC] PHP Deprecated:  Return type of DUP_PRO_DB_Build_Iterator::key() should either be compatible with Iterator::key(): mixed, or the #[\ReturnTypeWillChange] attribute should be used to temporarily suppress the notice in C:\Users\Dell\Local Sites\quotation\app\public\wp-content\plugins\duplicator-pro\classes\package\class.pack.database.build.iterator.php on line 441
[14-Nov-2025 03:36:32 UTC] PHP Deprecated:  Return type of DUP_PRO_DB_Build_Iterator::valid() should either be compatible with Iterator::valid(): bool, or the #[\ReturnTypeWillChange] attribute should be used to temporarily suppress the notice in C:\Users\Dell\Local Sites\quotation\app\public\wp-content\plugins\duplicator-pro\classes\package\class.pack.database.build.iterator.php on line 369
[14-Nov-2025 03:36:32 UTC] PHP Deprecated:  Return type of DUP_PRO_DB_Build_Iterator::rewind() should either be compatible with Iterator::rewind(): void, or the #[\ReturnTypeWillChange] attribute should be used to temporarily suppress the notice in C:\Users\Dell\Local Sites\quotation\app\public\wp-content\plugins\duplicator-pro\classes\package\class.pack.database.build.iterator.php on line 227
[14-Nov-2025 03:37:16 UTC] PHP Notice:  Function _load_textdomain_just_in_time was called <strong>incorrectly</strong>. Translation loading for the <code>fl-builder</code> domain was triggered too early. This is usually an indicator for some code in the plugin or theme running too early. Translations should be loaded at the <code>init</code> action or later. Please see <a href="https://developer.wordpress.org/advanced-administration/debug/debug-wordpress/">Debugging in WordPress</a> for more information. (This message was added in version 6.7.0.) in C:\Users\Dell\Local Sites\quotation\app\public\wp-includes\functions.php on line 6121
[14-Nov-2025 03:37:16 UTC] PHP Deprecated:  Return type of DUP_PRO_DB_Build_Iterator::current() should either be compatible with Iterator::current(): mixed, or the #[\ReturnTypeWillChange] attribute should be used to temporarily suppress the notice in C:\Users\Dell\Local Sites\quotation\app\public\wp-content\plugins\duplicator-pro\classes\package\class.pack.database.build.iterator.php on line 378
[14-Nov-2025 03:37:16 UTC] PHP Deprecated:  Return type of DUP_PRO_DB_Build_Iterator::next() should either be compatible with Iterator::next(): void, or the #[\ReturnTypeWillChange] attribute should be used to temporarily suppress the notice in C:\Users\Dell\Local Sites\quotation\app\public\wp-content\plugins\duplicator-pro\classes\package\class.pack.database.build.iterator.php on line 290
[14-Nov-2025 03:37:16 UTC] PHP Deprecated:  Return type of DUP_PRO_DB_Build_Iterator::key() should either be compatible with Iterator::key(): mixed, or the #[\ReturnTypeWillChange] attribute should be used to temporarily suppress the notice in C:\Users\Dell\Local Sites\quotation\app\public\wp-content\plugins\duplicator-pro\classes\package\class.pack.database.build.iterator.php on line 441
[14-Nov-2025 03:37:16 UTC] PHP Deprecated:  Return type of DUP_PRO_DB_Build_Iterator::valid() should either be compatible with Iterator::valid(): bool, or the #[\ReturnTypeWillChange] attribute should be used to temporarily suppress the notice in C:\Users\Dell\Local Sites\quotation\app\public\wp-content\plugins\duplicator-pro\classes\package\class.pack.database.build.iterator.php on line 369
[14-Nov-2025 03:37:16 UTC] PHP Deprecated:  Return type of DUP_PRO_DB_Build_Iterator::rewind() should either be compatible with Iterator::rewind(): void, or the #[\ReturnTypeWillChange] attribute should be used to temporarily suppress the notice in C:\Users\Dell\Local Sites\quotation\app\public\wp-content\plugins\duplicator-pro\classes\package\class.pack.database.build.iterator.php on line 227
[14-Nov-2025 03:37:16 UTC] PHP Deprecated:  Creation of dynamic property UpdraftPlus_Addon_Reporting::$log_ident is deprecated in C:\Users\Dell\Local Sites\quotation\app\public\wp-content\plugins\updraftplus\addons\reporting.php on line 49
[14-Nov-2025 03:37:16 UTC] PHP Deprecated:  Creation of dynamic property UpdraftPlus_Addon_Reporting::$log_facility is deprecated in C:\Users\Dell\Local Sites\quotation\app\public\wp-content\plugins\updraftplus\addons\reporting.php on line 50
[14-Nov-2025 03:37:16 UTC] PHP Deprecated:  Creation of dynamic property UpdraftPlusAddons2::$plugin_file is deprecated in C:\Users\Dell\Local Sites\quotation\app\public\wp-content\plugins\updraftplus\udaddons\updraftplus-addons.php on line 70
[14-Nov-2025 03:37:16 UTC] PHP Notice:  Function _load_textdomain_just_in_time was called <strong>incorrectly</strong>. Translation loading for the <code>wp-migrate-db</code> domain was triggered too early. This is usually an indicator for some code in the plugin or theme running too early. Translations should be loaded at the <code>init</code> action or later. Please see <a href="https://developer.wordpress.org/advanced-administration/debug/debug-wordpress/">Debugging in WordPress</a> for more information. (This message was added in version 6.7.0.) in C:\Users\Dell\Local Sites\quotation\app\public\wp-includes\functions.php on line 6121
[14-Nov-2025 03:37:16 UTC] PHP Deprecated:  Creation of dynamic property DUP_PRO_Global_Entity::$notices is deprecated in C:\Users\Dell\Local Sites\quotation\app\public\wp-content\plugins\duplicator-pro\classes\entities\class.json.entity.base.php on line 264
[14-Nov-2025 03:37:16 UTC] PHP Notice:  Function _load_textdomain_just_in_time was called <strong>incorrectly</strong>. Translation loading for the <code>updraftplus</code> domain was triggered too early. This is usually an indicator for some code in the plugin or theme running too early. Translations should be loaded at the <code>init</code> action or later. Please see <a href="https://developer.wordpress.org/advanced-administration/debug/debug-wordpress/">Debugging in WordPress</a> for more information. (This message was added in version 6.7.0.) in C:\Users\Dell\Local Sites\quotation\app\public\wp-includes\functions.php on line 6121
[14-Nov-2025 03:37:16 UTC] PHP Deprecated:  Creation of dynamic property UpdraftPlus_Addon_CloudFilesEnhanced::$title is deprecated in C:\Users\Dell\Local Sites\quotation\app\public\wp-content\plugins\updraftplus\addons\cloudfiles-enhanced.php on line 37
[14-Nov-2025 03:37:16 UTC] PHP Deprecated:  Creation of dynamic property UpdraftPlus_Addon_CloudFilesEnhanced::$description is deprecated in C:\Users\Dell\Local Sites\quotation\app\public\wp-content\plugins\updraftplus\addons\cloudfiles-enhanced.php on line 38
[14-Nov-2025 03:37:16 UTC] PHP Notice:  Function _load_textdomain_just_in_time was called <strong>incorrectly</strong>. Translation loading for the <code>updraftplus</code> domain was triggered too early. This is usually an indicator for some code in the plugin or theme running too early. Translations should be loaded at the <code>init</code> action or later. Please see <a href="https://developer.wordpress.org/advanced-administration/debug/debug-wordpress/">Debugging in WordPress</a> for more information. (This message was added in version 6.7.0.) in C:\Users\Dell\Local Sites\quotation\app\public\wp-includes\functions.php on line 6121
[14-Nov-2025 03:37:16 UTC] PHP Notice:  Function _load_textdomain_just_in_time was called <strong>incorrectly</strong>. Translation loading for the <code>astra</code> domain was triggered too early. This is usually an indicator for some code in the plugin or theme running too early. Translations should be loaded at the <code>init</code> action or later. Please see <a href="https://developer.wordpress.org/advanced-administration/debug/debug-wordpress/">Debugging in WordPress</a> for more information. (This message was added in version 6.7.0.) in C:\Users\Dell\Local Sites\quotation\app\public\wp-includes\functions.php on line 6121
[14-Nov-2025 03:37:16 UTC] PHP Deprecated:  Creation of dynamic property LOGINPRESS_PRO_SL_Plugin_Updater::$beta is deprecated in C:\Users\Dell\Local Sites\quotation\app\public\wp-content\plugins\loginpress-pro\lib\LOGINPRESS_PRO_SL_Plugin_Updater.php on line 42
[14-Nov-2025 03:37:16 UTC] PHP Deprecated:  Creation of dynamic property Puc_v4p11_Plugin_Update::$x-spm-subscription-active is deprecated in C:\Users\Dell\Local Sites\quotation\app\public\wp-content\plugins\updraftplus\vendor\yahnis-elsts\plugin-update-checker\Puc\v4p11\Metadata.php on line 111
